sym,hs,skew,sz,maxI,d2,d3,d4,total
BLACK_HOLES,4,0.0,5,3,-3017.5,5990.0,7351.5,10324.0
BLACK_HOLES,4,0.0,5,5,-4002.5,4835.0,10704.0,11536.5
BLACK_HOLES,4,0.0,5,7,-5326.5,6491.0,11566.0,12730.5
BLACK_HOLES,4,0.0,5,10,-7169.0,4889.0,13730.5,11450.5
BLACK_HOLES,4,0.0,10,3,-3017.5,5990.0,7351.5,10324.0
BLACK_HOLES,4,0.0,10,5,-4002.5,4835.0,10704.0,11536.5
BLACK_HOLES,4,0.0,10,7,-5326.5,6491.0,11566.0,12730.5
BLACK_HOLES,4,0.0,10,10,-7169.0,4889.0,13730.5,11450.5
BLACK_HOLES,4,0.5,5,3,-3232.5,5723.0,7123.5,9614.0
BLACK_HOLES,4,0.5,5,5,-4264.5,4490.0,10448.0,10673.5
BLACK_HOLES,4,0.5,5,7,-5638.5,6055.0,11285.0,11701.5
BLACK_HOLES,4,0.5,5,10,-7616.0,4347.0,13351.5,10082.5
BLACK_HOLES,4,0.5,10,3,-3232.5,5723.0,7123.5,9614.0
BLACK_HOLES,4,0.5,10,5,-4264.5,4490.0,10448.0,10673.5
BLACK_HOLES,4,0.5,10,7,-5638.5,6055.0,11285.0,11701.5
BLACK_HOLES,4,0.5,10,10,-7616.0,4347.0,13351.5,10082.5
BLACK_HOLES,4,1.0,5,3,-3450.5,5445.0,6914.5,8909.0
BLACK_HOLES,4,1.0,5,5,-4584.5,4071.0,10133.0,9619.5
BLACK_HOLES,4,1.0,5,7,-6085.5,5516.0,10849.0,10279.5
BLACK_HOLES,4,1.0,5,10,-8028.0,3820.0,12769.5,8561.5
BLACK_HOLES,4,1.0,10,3,-3450.5,5445.0,6914.5,8909.0
BLACK_HOLES,4,1.0,10,5,-4584.5,4071.0,10133.0,9619.5
BLACK_HOLES,4,1.0,10,7,-6085.5,5516.0,10849.0,10279.5
BLACK_HOLES,4,1.0,10,10,-8028.0,3820.0,12769.5,8561.5
BLACK_HOLES,4,1.5,5,3,-3727.5,5140.0,6697.5,8110.0
BLACK_HOLES,4,1.5,5,5,-4917.5,3588.0,9769.0,8439.5
BLACK_HOLES,4,1.5,5,7,-6110.5,5421.0,10598.0,9908.5
BLACK_HOLES,4,1.5,5,10,-8222.0,3615.0,12819.5,8212.5
BLACK_HOLES,4,1.5,10,3,-3727.5,5140.0,6697.5,8110.0
BLACK_HOLES,4,1.5,10,5,-4917.5,3588.0,9769.0,8439.5
BLACK_HOLES,4,1.5,10,7,-6110.5,5421.0,10598.0,9908.5
BLACK_HOLES,4,1.5,10,10,-8222.0,3615.0,12819.5,8212.5
BLACK_HOLES,4,2.0,5,3,-3948.5,4838.0,6422.5,7312.0
BLACK_HOLES,4,2.0,5,5,-4879.5,3711.0,9511.0,8342.5
BLACK_HOLES,4,2.0,5,7,-6142.5,5253.0,10717.0,9827.5
BLACK_HOLES,4,2.0,5,10,-8401.0,3418.0,12693.5,7710.5
BLACK_HOLES,4,2.0,10,3,-3948.5,4838.0,6422.5,7312.0
BLACK_HOLES,4,2.0,10,5,-4879.5,3711.0,9511.0,8342.5
BLACK_HOLES,4,2.0,10,7,-6142.5,5253.0,10717.0,9827.5
BLACK_HOLES,4,2.0,10,10,-8401.0,3418.0,12693.5,7710.5
BLACK_HOLES,4,3.0,5,3,-4369.5,4227.0,5953.5,5811.0
BLACK_HOLES,4,3.0,5,5,-4885.5,3542.0,9848.0,8504.5
BLACK_HOLES,4,3.0,5,7,-6461.5,4949.0,10632.0,9119.5
BLACK_HOLES,4,3.0,5,10,-8561.0,3228.0,12489.5,7156.5
BLACK_HOLES,4,3.0,10,3,-4369.5,4227.0,5953.5,5811.0
BLACK_HOLES,4,3.0,10,5,-4885.5,3542.0,9848.0,8504.5
BLACK_HOLES,4,3.0,10,7,-6461.5,4949.0,10632.0,9119.5
BLACK_HOLES,4,3.0,10,10,-8561.0,3228.0,12489.5,7156.5
BLACK_HOLES,4,5.0,5,3,-3922.5,4843.0,6294.5,7215.0
BLACK_HOLES,4,5.0,5,5,-5129.5,3496.0,9660.0,8026.5
BLACK_HOLES,4,5.0,5,7,-6653.5,4729.0,10477.0,8552.5
BLACK_HOLES,4,5.0,5,10,-8553.0,3080.0,12335.5,6862.5
BLACK_HOLES,4,5.0,10,3,-3922.5,4843.0,6294.5,7215.0
BLACK_HOLES,4,5.0,10,5,-5129.5,3496.0,9660.0,8026.5
BLACK_HOLES,4,5.0,10,7,-6653.5,4729.0,10477.0,8552.5
BLACK_HOLES,4,5.0,10,10,-8553.0,3080.0,12335.5,6862.5
BLACK_HOLES,5,0.0,5,3,-2674.5,6396.0,7707.5,11429.0
BLACK_HOLES,5,0.0,5,5,-3614.5,5320.0,11131.0,12836.5
BLACK_HOLES,5,0.0,5,7,-4911.5,7012.0,12041.0,14141.5
BLACK_HOLES,5,0.0,5,10,-6732.0,5444.0,14227.5,12939.5
BLACK_HOLES,5,0.0,10,3,-2674.5,6396.0,7707.5,11429.0
BLACK_HOLES,5,0.0,10,5,-3614.5,5320.0,11131.0,12836.5
BLACK_HOLES,5,0.0,10,7,-4911.5,7012.0,12041.0,14141.5
BLACK_HOLES,5,0.0,10,10,-6732.0,5444.0,14227.5,12939.5
BLACK_HOLES,5,0.5,5,3,-2889.5,6119.0,7485.5,10715.0
BLACK_HOLES,5,0.5,5,5,-3897.5,4944.0,10831.0,11877.5
BLACK_HOLES,5,0.5,5,7,-5303.5,6560.0,11677.0,12933.5
BLACK_HOLES,5,0.5,5,10,-7321.0,4795.0,13741.5,11215.5
BLACK_HOLES,5,0.5,10,3,-2889.5,6119.0,7485.5,10715.0
BLACK_HOLES,5,0.5,10,5,-3897.5,4944.0,10831.0,11877.5
BLACK_HOLES,5,0.5,10,7,-5303.5,6560.0,11677.0,12933.5
BLACK_HOLES,5,0.5,10,10,-7321.0,4795.0,13741.5,11215.5
BLACK_HOLES,5,1.0,5,3,-3140.5,5818.0,7235.5,9913.0
BLACK_HOLES,5,1.0,5,5,-4286.5,4468.0,10494.0,10675.5
BLACK_HOLES,5,1.0,5,7,-5820.5,5897.0,11185.0,11261.5
BLACK_HOLES,5,1.0,5,10,-8010.0,3955.0,12974.5,8919.5
BLACK_HOLES,5,1.0,10,3,-3140.5,5818.0,7235.5,9913.0
BLACK_HOLES,5,1.0,10,5,-4286.5,4468.0,10494.0,10675.5
BLACK_HOLES,5,1.0,10,7,-5820.5,5897.0,11185.0,11261.5
BLACK_HOLES,5,1.0,10,10,-8010.0,3955.0,12974.5,8919.5
BLACK_HOLES,5,1.5,5,3,-3372.5,5497.0,6976.5,9101.0
BLACK_HOLES,5,1.5,5,5,-4654.5,4032.0,10131.0,9508.5
BLACK_HOLES,5,1.5,5,7,-6169.5,5433.0,10635.0,9898.5
BLACK_HOLES,5,1.5,5,10,-8052.0,3821.0,12962.5,8731.5
BLACK_HOLES,5,1.5,10,3,-3372.5,5497.0,6976.5,9101.0
BLACK_HOLES,5,1.5,10,5,-4654.5,4032.0,10131.0,9508.5
BLACK_HOLES,5,1.5,10,7,-6169.5,5433.0,10635.0,9898.5
BLACK_HOLES,5,1.5,10,10,-8052.0,3821.0,12962.5,8731.5
BLACK_HOLES,5,2.0,5,3,-3661.5,5180.0,6753.5,8272.0
BLACK_HOLES,5,2.0,5,5,-4983.5,3514.0,9744.0,8274.5
BLACK_HOLES,5,2.0,5,7,-6034.5,5411.0,10873.0,10249.5
BLACK_HOLES,5,2.0,5,10,-8232.0,3659.0,12853.5,8280.5
BLACK_HOLES,5,2.0,10,3,-3661.5,5180.0,6753.5,8272.0
BLACK_HOLES,5,2.0,10,5,-4983.5,3514.0,9744.0,8274.5
BLACK_HOLES,5,2.0,10,7,-6034.5,5411.0,10873.0,10249.5
BLACK_HOLES,5,2.0,10,10,-8232.0,3659.0,12853.5,8280.5
BLACK_HOLES,5,3.0,5,3,-4165.5,4542.0,6219.5,6596.0
BLACK_HOLES,5,3.0,5,5,-4766.5,3725.0,9989.0,8947.5
BLACK_HOLES,5,3.0,5,7,-6327.5,5158.0,10756.0,9586.5
BLACK_HOLES,5,3.0,5,10,-8446.0,3348.0,12537.5,7439.5
BLACK_HOLES,5,3.0,10,3,-4165.5,4542.0,6219.5,6596.0
BLACK_HOLES,5,3.0,10,5,-4766.5,3725.0,9989.0,8947.5
BLACK_HOLES,5,3.0,10,7,-6327.5,5158.0,10756.0,9586.5
BLACK_HOLES,5,3.0,10,10,-8446.0,3348.0,12537.5,7439.5
BLACK_HOLES,5,5.0,5,3,-3900.5,4773.0,6420.5,7293.0
BLACK_HOLES,5,5.0,5,5,-4974.5,3582.0,9781.0,8388.5
BLACK_HOLES,5,5.0,5,7,-6482.5,4866.0,10517.0,8900.5
BLACK_HOLES,5,5.0,5,10,-8490.0,3246.0,12370.5,7126.5
BLACK_HOLES,5,5.0,10,3,-3900.5,4773.0,6420.5,7293.0
BLACK_HOLES,5,5.0,10,5,-4974.5,3582.0,9781.0,8388.5
BLACK_HOLES,5,5.0,10,7,-6482.5,4866.0,10517.0,8900.5
BLACK_HOLES,5,5.0,10,10,-8490.0,3246.0,12370.5,7126.5
BLACK_HOLES,6,0.0,5,3,-2387.5,6802.0,8025.5,12440.0
BLACK_HOLES,6,0.0,5,5,-3292.5,5821.0,11492.0,14020.5
BLACK_HOLES,6,0.0,5,7,-4572.5,7557.0,12426.0,15410.5
BLACK_HOLES,6,0.0,5,10,-6372.0,6023.0,14644.5,14295.5
BLACK_HOLES,6,0.0,10,3,-2387.5,6802.0,8025.5,12440.0
BLACK_HOLES,6,0.0,10,5,-3292.5,5821.0,11492.0,14020.5
BLACK_HOLES,6,0.0,10,7,-4572.5,7557.0,12426.0,15410.5
BLACK_HOLES,6,0.0,10,10,-6372.0,6023.0,14644.5,14295.5
BLACK_HOLES,6,0.5,5,3,-2597.5,6504.0,7796.5,11703.0
BLACK_HOLES,6,0.5,5,5,-3624.5,5370.0,11207.0,12952.5
BLACK_HOLES,6,0.5,5,7,-5028.5,6926.0,12047.0,13944.5
BLACK_HOLES,6,0.5,5,10,-7041.0,5192.0,14047.5,12198.5
BLACK_HOLES,6,0.5,10,3,-2597.5,6504.0,7796.5,11703.0
BLACK_HOLES,6,0.5,10,5,-3624.5,5370.0,11207.0,12952.5
BLACK_HOLES,6,0.5,10,7,-5028.5,6926.0,12047.0,13944.5
BLACK_HOLES,6,0.5,10,10,-7041.0,5192.0,14047.5,12198.5
BLACK_HOLES,6,1.0,5,3,-2835.5,6192.0,7570.5,10927.0
BLACK_HOLES,6,1.0,5,5,-3998.5,4872.0,10815.0,11688.5
BLACK_HOLES,6,1.0,5,7,-5563.5,6278.0,11483.0,12197.5
BLACK_HOLES,6,1.0,5,10,-7772.0,4306.0,13257.5,9791.5
BLACK_HOLES,6,1.0,10,3,-2835.5,6192.0,7570.5,10927.0
BLACK_HOLES,6,1.0,10,5,-3998.5,4872.0,10815.0,11688.5
BLACK_HOLES,6,1.0,10,7,-5563.5,6278.0,11483.0,12197.5
BLACK_HOLES,6,1.0,10,10,-7772.0,4306.0,13257.5,9791.5
BLACK_HOLES,6,1.5,5,3,-3122.5,5868.0,7325.5,10071.0
BLACK_HOLES,6,1.5,5,5,-4379.5,4327.0,10401.0,10348.5
BLACK_HOLES,6,1.5,5,7,-6079.5,5651.0,10926.0,10497.5
BLACK_HOLES,6,1.5,5,10,-7792.0,4035.0,13103.5,9346.5
BLACK_HOLES,6,1.5,10,3,-3122.5,5868.0,7325.5,10071.0
BLACK_HOLES,6,1.5,10,5,-4379.5,4327.0,10401.0,10348.5
BLACK_HOLES,6,1.5,10,7,-6079.5,5651.0,10926.0,10497.5
BLACK_HOLES,6,1.5,10,10,-7792.0,4035.0,13103.5,9346.5
BLACK_HOLES,6,2.0,5,3,-3368.5,5526.0,7024.5,9182.0
BLACK_HOLES,6,2.0,5,5,-4744.5,3871.0,10026.0,9152.5
BLACK_HOLES,6,2.0,5,7,-5944.5,5689.0,11028.0,10772.5
BLACK_HOLES,6,2.0,5,10,-8093.0,3916.0,12858.5,8681.5
BLACK_HOLES,6,2.0,10,3,-3368.5,5526.0,7024.5,9182.0
BLACK_HOLES,6,2.0,10,5,-4744.5,3871.0,10026.0,9152.5
BLACK_HOLES,6,2.0,10,7,-5944.5,5689.0,11028.0,10772.5
BLACK_HOLES,6,2.0,10,10,-8093.0,3916.0,12858.5,8681.5
BLACK_HOLES,6,3.0,5,3,-3865.5,4906.0,6506.5,7547.0
BLACK_HOLES,6,3.0,5,5,-4647.5,3942.0,10078.0,9372.5
BLACK_HOLES,6,3.0,5,7,-6202.5,5286.0,10845.0,9928.5
BLACK_HOLES,6,3.0,5,10,-8391.0,3575.0,12569.5,7753.5
BLACK_HOLES,6,3.0,10,3,-3865.5,4906.0,6506.5,7547.0
BLACK_HOLES,6,3.0,10,5,-4647.5,3942.0,10078.0,9372.5
BLACK_HOLES,6,3.0,10,7,-6202.5,5286.0,10845.0,9928.5
BLACK_HOLES,6,3.0,10,10,-8391.0,3575.0,12569.5,7753.5
BLACK_HOLES,6,5.0,5,3,-3814.5,4988.0,6577.5,7751.0
BLACK_HOLES,6,5.0,5,5,-4828.5,3744.0,9885.0,8800.5
BLACK_HOLES,6,5.0,5,7,-6370.5,5012.0,10579.0,9220.5
BLACK_HOLES,6,5.0,5,10,-8448.0,3360.0,12433.5,7345.5
BLACK_HOLES,6,5.0,10,3,-3814.5,4988.0,6577.5,7751.0
BLACK_HOLES,6,5.0,10,5,-4828.5,3744.0,9885.0,8800.5
BLACK_HOLES,6,5.0,10,7,-6370.5,5012.0,10579.0,9220.5
BLACK_HOLES,6,5.0,10,10,-8448.0,3360.0,12433.5,7345.5
BLACK_HOLES,7,0.0,5,3,-2353.5,6875.0,8340.5,12862.0
BLACK_HOLES,7,0.0,5,5,-3253.5,5907.0,11870.0,14523.5
BLACK_HOLES,7,0.0,5,7,-4533.5,7647.0,12845.0,15958.5
BLACK_HOLES,7,0.0,5,10,-6333.0,6117.0,15085.5,14869.5
BLACK_HOLES,7,0.0,10,3,-2353.5,6875.0,8340.5,12862.0
BLACK_HOLES,7,0.0,10,5,-3253.5,5907.0,11870.0,14523.5
BLACK_HOLES,7,0.0,10,7,-4533.5,7647.0,12845.0,15958.5
BLACK_HOLES,7,0.0,10,10,-6333.0,6117.0,15085.5,14869.5
BLACK_HOLES,7,0.5,5,3,-2416.5,6773.0,8120.5,12477.0
BLACK_HOLES,7,0.5,5,5,-3411.5,5645.0,11499.0,13732.5
BLACK_HOLES,7,0.5,5,7,-4824.5,7259.0,12313.0,14747.5
BLACK_HOLES,7,0.5,5,10,-6839.0,5517.0,14339.5,13017.5
BLACK_HOLES,7,0.5,10,3,-2416.5,6773.0,8120.5,12477.0
BLACK_HOLES,7,0.5,10,5,-3411.5,5645.0,11499.0,13732.5
BLACK_HOLES,7,0.5,10,7,-4824.5,7259.0,12313.0,14747.5
BLACK_HOLES,7,0.5,10,10,-6839.0,5517.0,14339.5,13017.5
BLACK_HOLES,7,1.0,5,3,-2641.5,6472.0,7829.5,11660.0
BLACK_HOLES,7,1.0,5,5,-3761.5,5165.0,11109.0,12512.5
BLACK_HOLES,7,1.0,5,7,-5347.5,6609.0,11750.0,13011.5
BLACK_HOLES,7,1.0,5,10,-7541.0,4657.0,13537.5,10653.5
BLACK_HOLES,7,1.0,10,3,-2641.5,6472.0,7829.5,11660.0
BLACK_HOLES,7,1.0,10,5,-3761.5,5165.0,11109.0,12512.5
BLACK_HOLES,7,1.0,10,7,-5347.5,6609.0,11750.0,13011.5
BLACK_HOLES,7,1.0,10,10,-7541.0,4657.0,13537.5,10653.5
BLACK_HOLES,7,1.5,5,3,-2857.5,6159.0,7543.5,10845.0
BLACK_HOLES,7,1.5,5,5,-4172.5,4698.0,10714.0,11239.5
BLACK_HOLES,7,1.5,5,7,-5822.5,5967.0,11181.0,11325.5
BLACK_HOLES,7,1.5,5,10,-7673.0,4240.0,13298.5,9865.5
BLACK_HOLES,7,1.5,10,3,-2857.5,6159.0,7543.5,10845.0
BLACK_HOLES,7,1.5,10,5,-4172.5,4698.0,10714.0,11239.5
BLACK_HOLES,7,1.5,10,7,-5822.5,5967.0,11181.0,11325.5
BLACK_HOLES,7,1.5,10,10,-7673.0,4240.0,13298.5,9865.5
BLACK_HOLES,7,2.0,5,3,-3139.5,5842.0,7303.5,10006.0
BLACK_HOLES,7,2.0,5,5,-4518.5,4185.0,10306.0,9972.5
BLACK_HOLES,7,2.0,5,7,-5824.5,5879.0,11099.0,11153.5
BLACK_HOLES,7,2.0,5,10,-8008.0,3965.0,12995.5,8952.5
BLACK_HOLES,7,2.0,10,3,-3139.5,5842.0,7303.5,10006.0
BLACK_HOLES,7,2.0,10,5,-4518.5,4185.0,10306.0,9972.5
BLACK_HOLES,7,2.0,10,7,-5824.5,5879.0,11099.0,11153.5
BLACK_HOLES,7,2.0,10,10,-8008.0,3965.0,12995.5,8952.5
BLACK_HOLES,7,3.0,5,3,-3667.5,5187.0,6750.5,8270.0
BLACK_HOLES,7,3.0,5,5,-4558.5,4023.0,10318.0,9782.5
BLACK_HOLES,7,3.0,5,7,-6055.5,5518.0,10968.0,10430.5
BLACK_HOLES,7,3.0,5,10,-8256.0,3604.0,12655.5,8003.5
BLACK_HOLES,7,3.0,10,3,-3667.5,5187.0,6750.5,8270.0
BLACK_HOLES,7,3.0,10,5,-4558.5,4023.0,10318.0,9782.5
BLACK_HOLES,7,3.0,10,7,-6055.5,5518.0,10968.0,10430.5
BLACK_HOLES,7,3.0,10,10,-8256.0,3604.0,12655.5,8003.5
BLACK_HOLES,7,5.0,5,3,-3720.5,5137.0,6724.5,8141.0
BLACK_HOLES,7,5.0,5,5,-4741.5,3833.0,10031.0,9122.5
BLACK_HOLES,7,5.0,5,7,-6318.5,5128.0,10656.0,9465.5
BLACK_HOLES,7,5.0,5,10,-8409.0,3428.0,12468.5,7487.5
BLACK_HOLES,7,5.0,10,3,-3720.5,5137.0,6724.5,8141.0
BLACK_HOLES,7,5.0,10,5,-4741.5,3833.0,10031.0,9122.5
BLACK_HOLES,7,5.0,10,7,-6318.5,5128.0,10656.0,9465.5
BLACK_HOLES,7,5.0,10,10,-8409.0,3428.0,12468.5,7487.5
BLACK_HOLES,8,0.0,5,3,-2353.5,6875.0,8395.5,12917.0
BLACK_HOLES,8,0.0,5,5,-3253.5,5907.0,11930.0,14583.5
BLACK_HOLES,8,0.0,5,7,-4533.5,7647.0,12913.0,16026.5
BLACK_HOLES,8,0.0,5,10,-6333.0,6117.0,15158.5,14942.5
BLACK_HOLES,8,0.0,10,3,-2353.5,6875.0,8395.5,12917.0
BLACK_HOLES,8,0.0,10,5,-3253.5,5907.0,11930.0,14583.5
BLACK_HOLES,8,0.0,10,7,-4533.5,7647.0,12913.0,16026.5
BLACK_HOLES,8,0.0,10,10,-6333.0,6117.0,15158.5,14942.5
BLACK_HOLES,8,0.5,5,3,-2353.5,6875.0,8298.5,12820.0
BLACK_HOLES,8,0.5,5,5,-3305.5,5834.0,11721.0,14249.5
BLACK_HOLES,8,0.5,5,7,-4669.5,7467.0,12554.0,15351.5
BLACK_HOLES,8,0.5,5,10,-6649.0,5777.0,14569.5,13697.5
BLACK_HOLES,8,0.5,10,3,-2353.5,6875.0,8298.5,12820.0
BLACK_HOLES,8,0.5,10,5,-3305.5,5834.0,11721.0,14249.5
BLACK_HOLES,8,0.5,10,7,-4669.5,7467.0,12554.0,15351.5
BLACK_HOLES,8,0.5,10,10,-6649.0,5777.0,14569.5,13697.5
BLACK_HOLES,8,1.0,5,3,-2463.5,6703.0,8082.5,12322.0
BLACK_HOLES,8,1.0,5,5,-3585.5,5440.0,11349.0,13203.5
BLACK_HOLES,8,1.0,5,7,-5127.5,6907.0,11995.0,13774.5
BLACK_HOLES,8,1.0,5,10,-7347.0,4941.0,13769.5,11363.5
BLACK_HOLES,8,1.0,10,3,-2463.5,6703.0,8082.5,12322.0
BLACK_HOLES,8,1.0,10,5,-3585.5,5440.0,11349.0,13203.5
BLACK_HOLES,8,1.0,10,7,-5127.5,6907.0,11995.0,13774.5
BLACK_HOLES,8,1.0,10,10,-7347.0,4941.0,13769.5,11363.5
BLACK_HOLES,8,1.5,5,3,-2689.5,6427.0,7838.5,11576.0
BLACK_HOLES,8,1.5,5,5,-3930.5,4938.0,10936.0,11943.5
BLACK_HOLES,8,1.5,5,7,-5637.5,6291.0,11426.0,12079.5
BLACK_HOLES,8,1.5,5,10,-7618.0,4472.0,13389.5,10243.5
BLACK_HOLES,8,1.5,10,3,-2689.5,6427.0,7838.5,11576.0
BLACK_HOLES,8,1.5,10,5,-3930.5,4938.0,10936.0,11943.5
BLACK_HOLES,8,1.5,10,7,-5637.5,6291.0,11426.0,12079.5
BLACK_HOLES,8,1.5,10,10,-7618.0,4472.0,13389.5,10243.5
BLACK_HOLES,8,2.0,5,3,-2907.5,6118.0,7538.5,10749.0
BLACK_HOLES,8,2.0,5,5,-4295.5,4484.0,10546.0,10734.5
BLACK_HOLES,8,2.0,5,7,-5796.5,6127.0,10962.0,11292.5
BLACK_HOLES,8,2.0,5,10,-7895.0,4140.0,13168.5,9413.5
BLACK_HOLES,8,2.0,10,3,-2907.5,6118.0,7538.5,10749.0
BLACK_HOLES,8,2.0,10,5,-4295.5,4484.0,10546.0,10734.5
BLACK_HOLES,8,2.0,10,7,-5796.5,6127.0,10962.0,11292.5
BLACK_HOLES,8,2.0,10,10,-7895.0,4140.0,13168.5,9413.5
BLACK_HOLES,8,3.0,5,3,-3422.5,5476.0,7009.5,9063.0
BLACK_HOLES,8,3.0,5,5,-4436.5,4250.0,10310.0,10123.5
BLACK_HOLES,8,3.0,5,7,-5924.5,5716.0,11021.0,10812.5
BLACK_HOLES,8,3.0,5,10,-8197.0,3732.0,12754.5,8289.5
BLACK_HOLES,8,3.0,10,3,-3422.5,5476.0,7009.5,9063.0
BLACK_HOLES,8,3.0,10,5,-4436.5,4250.0,10310.0,10123.5
BLACK_HOLES,8,3.0,10,7,-5924.5,5716.0,11021.0,10812.5
BLACK_HOLES,8,3.0,10,10,-8197.0,3732.0,12754.5,8289.5
BLACK_HOLES,8,5.0,5,3,-3587.5,5287.0,6707.5,8407.0
BLACK_HOLES,8,5.0,5,5,-4655.5,3943.0,10115.0,9402.5
BLACK_HOLES,8,5.0,5,7,-6263.5,5239.0,10717.0,9692.5
BLACK_HOLES,8,5.0,5,10,-8378.0,3485.0,12525.5,7632.5
BLACK_HOLES,8,5.0,10,3,-3587.5,5287.0,6707.5,8407.0
BLACK_HOLES,8,5.0,10,5,-4655.5,3943.0,10115.0,9402.5
BLACK_HOLES,8,5.0,10,7,-6263.5,5239.0,10717.0,9692.5
BLACK_HOLES,8,5.0,10,10,-8378.0,3485.0,12525.5,7632.5
DARK_MATTER,4,0.0,5,3,-1134.0,-1914.0,2161.5,-886.5
DARK_MATTER,4,0.0,5,5,377.0,-5058.0,4470.0,-211.0
DARK_MATTER,4,0.0,5,7,1175.0,-4415.0,5444.0,2204.0
DARK_MATTER,4,0.0,5,10,1156.0,-1248.0,5181.5,5089.5
DARK_MATTER,4,0.0,10,3,-1134.0,-1914.0,2161.5,-886.5
DARK_MATTER,4,0.0,10,5,377.0,-5058.0,4470.0,-211.0
DARK_MATTER,4,0.0,10,7,1175.0,-4415.0,5444.0,2204.0
DARK_MATTER,4,0.0,10,10,1156.0,-1248.0,5181.5,5089.5
DARK_MATTER,4,0.5,5,3,-1312.0,-2199.0,1959.5,-1551.5
DARK_MATTER,4,0.5,5,5,135.0,-5393.0,4210.0,-1048.0
DARK_MATTER,4,0.5,5,7,857.0,-4841.0,5108.0,1124.0
DARK_MATTER,4,0.5,5,10,681.0,-1806.0,4685.5,3560.5
DARK_MATTER,4,0.5,10,3,-1312.0,-2199.0,1959.5,-1551.5
DARK_MATTER,4,0.5,10,5,135.0,-5393.0,4210.0,-1048.0
DARK_MATTER,4,0.5,10,7,857.0,-4841.0,5108.0,1124.0
DARK_MATTER,4,0.5,10,10,681.0,-1806.0,4685.5,3560.5
DARK_MATTER,4,1.0,5,3,-1567.0,-2470.0,1722.5,-2314.5
DARK_MATTER,4,1.0,5,5,-234.0,-5852.0,3847.0,-2239.0
DARK_MATTER,4,1.0,5,7,372.0,-5440.0,4578.0,-490.0
DARK_MATTER,4,1.0,5,10,332.0,-2329.0,4349.5,2352.5
DARK_MATTER,4,1.0,10,3,-1567.0,-2470.0,1722.5,-2314.5
DARK_MATTER,4,1.0,10,5,-234.0,-5852.0,3847.0,-2239.0
DARK_MATTER,4,1.0,10,7,372.0,-5440.0,4578.0,-490.0
DARK_MATTER,4,1.0,10,10,332.0,-2329.0,4349.5,2352.5
DARK_MATTER,4,1.5,5,3,-1811.0,-2782.0,1462.5,-3130.5
DARK_MATTER,4,1.5,5,5,-570.0,-6304.0,3489.0,-3385.0
DARK_MATTER,4,1.5,5,7,334.0,-5533.0,4570.0,-629.0
DARK_MATTER,4,1.5,5,10,109.0,-2520.0,4075.5,1664.5
DARK_MATTER,4,1.5,10,3,-1811.0,-2782.0,1462.5,-3130.5
DARK_MATTER,4,1.5,10,5,-570.0,-6304.0,3489.0,-3385.0
DARK_MATTER,4,1.5,10,7,334.0,-5533.0,4570.0,-629.0
DARK_MATTER,4,1.5,10,10,109.0,-2520.0,4075.5,1664.5
DARK_MATTER,4,2.0,5,3,-2069.0,-3069.0,1189.5,-3948.5
DARK_MATTER,4,2.0,5,5,-419.0,-6135.0,3678.0,-2876.0
DARK_MATTER,4,2.0,5,7,309.0,-5654.0,4540.0,-805.0
DARK_MATTER,4,2.0,5,10,-39.0,-2713.0,3916.5,1164.5
DARK_MATTER,4,2.0,10,3,-2069.0,-3069.0,1189.5,-3948.5
DARK_MATTER,4,2.0,10,5,-419.0,-6135.0,3678.0,-2876.0
DARK_MATTER,4,2.0,10,7,309.0,-5654.0,4540.0,-805.0
DARK_MATTER,4,2.0,10,10,-39.0,-2713.0,3916.5,1164.5
DARK_MATTER,4,3.0,5,3,-2274.0,-3503.0,912.5,-4864.5
DARK_MATTER,4,3.0,5,5,-504.0,-6366.0,3550.0,-3320.0
DARK_MATTER,4,3.0,5,7,87.0,-5976.0,4356.0,-1533.0
DARK_MATTER,4,3.0,5,10,-150.0,-2951.0,3832.5,731.5
DARK_MATTER,4,3.0,10,3,-2274.0,-3503.0,912.5,-4864.5
DARK_MATTER,4,3.0,10,5,-504.0,-6366.0,3550.0,-3320.0
DARK_MATTER,4,3.0,10,7,87.0,-5976.0,4356.0,-1533.0
DARK_MATTER,4,3.0,10,10,-150.0,-2951.0,3832.5,731.5
DARK_MATTER,4,5.0,5,3,-2008.0,-3067.0,1248.5,-3826.5
DARK_MATTER,4,5.0,5,5,-745.0,-6342.0,3418.0,-3669.0
DARK_MATTER,4,5.0,5,7,-97.0,-6087.0,4108.0,-2076.0
DARK_MATTER,4,5.0,5,10,-212.0,-3022.0,3723.5,489.5
DARK_MATTER,4,5.0,10,3,-2008.0,-3067.0,1248.5,-3826.5
DARK_MATTER,4,5.0,10,5,-745.0,-6342.0,3418.0,-3669.0
DARK_MATTER,4,5.0,10,7,-97.0,-6087.0,4108.0,-2076.0
DARK_MATTER,4,5.0,10,10,-212.0,-3022.0,3723.5,489.5
DARK_MATTER,5,0.0,5,3,-765.0,-1509.0,2535.5,261.5
DARK_MATTER,5,0.0,5,5,807.0,-4547.0,4906.0,1166.0
DARK_MATTER,5,0.0,5,7,1628.0,-3867.0,5912.0,3673.0
DARK_MATTER,5,0.0,5,10,1645.0,-670.0,5671.5,6646.5
DARK_MATTER,5,0.0,10,3,-765.0,-1509.0,2535.5,261.5
DARK_MATTER,5,0.0,10,5,807.0,-4547.0,4906.0,1166.0
DARK_MATTER,5,0.0,10,7,1628.0,-3867.0,5912.0,3673.0
DARK_MATTER,5,0.0,10,10,1645.0,-670.0,5671.5,6646.5
DARK_MATTER,5,0.5,5,3,-1022.0,-1774.0,2281.5,-514.5
DARK_MATTER,5,0.5,5,5,480.0,-4952.0,4553.0,81.0
DARK_MATTER,5,0.5,5,7,1180.0,-4394.0,5427.0,2213.0
DARK_MATTER,5,0.5,5,10,973.0,-1401.0,4946.5,4518.5
DARK_MATTER,5,0.5,10,3,-1022.0,-1774.0,2281.5,-514.5
DARK_MATTER,5,0.5,10,5,480.0,-4952.0,4553.0,81.0
DARK_MATTER,5,0.5,10,7,1180.0,-4394.0,5427.0,2213.0
DARK_MATTER,5,0.5,10,10,973.0,-1401.0,4946.5,4518.5
DARK_MATTER,5,1.0,5,3,-1251.0,-2089.0,2020.5,-1319.5
DARK_MATTER,5,1.0,5,5,103.0,-5432.0,4152.0,-1177.0
DARK_MATTER,5,1.0,5,7,670.0,-5025.0,4871.0,516.0
DARK_MATTER,5,1.0,5,10,379.0,-2211.0,4272.5,2440.5
DARK_MATTER,5,1.0,10,3,-1251.0,-2089.0,2020.5,-1319.5
DARK_MATTER,5,1.0,10,5,103.0,-5432.0,4152.0,-1177.0
DARK_MATTER,5,1.0,10,7,670.0,-5025.0,4871.0,516.0
DARK_MATTER,5,1.0,10,10,379.0,-2211.0,4272.5,2440.5
DARK_MATTER,5,1.5,5,3,-1527.0,-2417.0,1763.5,-2180.5
DARK_MATTER,5,1.5,5,5,-274.0,-5921.0,3743.0,-2452.0
DARK_MATTER,5,1.5,5,7,501.0,-5305.0,4715.0,-89.0
DARK_MATTER,5,1.5,5,10,286.0,-2325.0,4213.5,2174.5
DARK_MATTER,5,1.5,10,3,-1527.0,-2417.0,1763.5,-2180.5
DARK_MATTER,5,1.5,10,5,-274.0,-5921.0,3743.0,-2452.0
DARK_MATTER,5,1.5,10,7,501.0,-5305.0,4715.0,-89.0
DARK_MATTER,5,1.5,10,10,286.0,-2325.0,4213.5,2174.5
DARK_MATTER,5,2.0,5,3,-1778.0,-2756.0,1499.5,-3034.5
DARK_MATTER,5,2.0,5,5,-443.0,-6258.0,3562.0,-3139.0
DARK_MATTER,5,2.0,5,7,443.0,-5470.0,4648.0,-379.0
DARK_MATTER,5,2.0,5,10,100.0,-2514.0,4064.5,1650.5
DARK_MATTER,5,2.0,10,3,-1778.0,-2756.0,1499.5,-3034.5
DARK_MATTER,5,2.0,10,5,-443.0,-6258.0,3562.0,-3139.0
DARK_MATTER,5,2.0,10,7,443.0,-5470.0,4648.0,-379.0
DARK_MATTER,5,2.0,10,10,100.0,-2514.0,4064.5,1650.5
DARK_MATTER,5,3.0,5,3,-2278.0,-3371.0,951.5,-4697.5
DARK_MATTER,5,3.0,5,5,-373.0,-6183.0,3667.0,-2889.0
DARK_MATTER,5,3.0,5,7,188.0,-5765.0,4480.0,-1097.0
DARK_MATTER,5,3.0,5,10,-105.0,-2786.0,3910.5,1019.5
DARK_MATTER,5,3.0,10,3,-2278.0,-3371.0,951.5,-4697.5
DARK_MATTER,5,3.0,10,5,-373.0,-6183.0,3667.0,-2889.0
DARK_MATTER,5,3.0,10,7,188.0,-5765.0,4480.0,-1097.0
DARK_MATTER,5,3.0,10,10,-105.0,-2786.0,3910.5,1019.5
DARK_MATTER,5,5.0,5,3,-2107.0,-3060.0,1240.5,-3926.5
DARK_MATTER,5,5.0,5,5,-646.0,-6325.0,3405.0,-3566.0
DARK_MATTER,5,5.0,5,7,-4.0,-6022.0,4270.0,-1756.0
DARK_MATTER,5,5.0,5,10,-140.0,-2901.0,3737.5,696.5
DARK_MATTER,5,5.0,10,3,-2107.0,-3060.0,1240.5,-3926.5
DARK_MATTER,5,5.0,10,5,-646.0,-6325.0,3405.0,-3566.0
DARK_MATTER,5,5.0,10,7,-4.0,-6022.0,4270.0,-1756.0
DARK_MATTER,5,5.0,10,10,-140.0,-2901.0,3737.5,696.5
DARK_MATTER,6,0.0,5,3,-583.0,-1207.0,2724.5,934.5
DARK_MATTER,6,0.0,5,5,1003.0,-4190.0,5128.0,1941.0
DARK_MATTER,6,0.0,5,7,1834.0,-3476.0,6159.0,4517.0
DARK_MATTER,6,0.0,5,10,1855.0,-251.0,5935.5,7539.5
DARK_MATTER,6,0.0,10,3,-583.0,-1207.0,2724.5,934.5
DARK_MATTER,6,0.0,10,5,1003.0,-4190.0,5128.0,1941.0
DARK_MATTER,6,0.0,10,7,1834.0,-3476.0,6159.0,4517.0
DARK_MATTER,6,0.0,10,10,1855.0,-251.0,5935.5,7539.5
DARK_MATTER,6,0.5,5,3,-726.0,-1458.0,2559.5,375.5
DARK_MATTER,6,0.5,5,5,726.0,-4592.0,4824.0,958.0
DARK_MATTER,6,0.5,5,7,1424.0,-4023.0,5697.0,3098.0
DARK_MATTER,6,0.5,5,10,1238.0,-1013.0,5254.5,5479.5
DARK_MATTER,6,0.5,10,3,-726.0,-1458.0,2559.5,375.5
DARK_MATTER,6,0.5,10,5,726.0,-4592.0,4824.0,958.0
DARK_MATTER,6,0.5,10,7,1424.0,-4023.0,5697.0,3098.0
DARK_MATTER,6,0.5,10,10,1238.0,-1013.0,5254.5,5479.5
DARK_MATTER,6,1.0,5,3,-999.0,-1765.0,2291.5,-472.5
DARK_MATTER,6,1.0,5,5,336.0,-5095.0,4426.0,-333.0
DARK_MATTER,6,1.0,5,7,883.0,-4696.0,5111.0,1298.0
DARK_MATTER,6,1.0,5,10,523.0,-1898.0,4440.5,3065.5
DARK_MATTER,6,1.0,10,3,-999.0,-1765.0,2291.5,-472.5
DARK_MATTER,6,1.0,10,5,336.0,-5095.0,4426.0,-333.0
DARK_MATTER,6,1.0,10,7,883.0,-4696.0,5111.0,1298.0
DARK_MATTER,6,1.0,10,10,523.0,-1898.0,4440.5,3065.5
DARK_MATTER,6,1.5,5,3,-1248.0,-2088.0,2008.5,-1327.5
DARK_MATTER,6,1.5,5,5,-39.0,-5585.0,4035.0,-1589.0
DARK_MATTER,6,1.5,5,7,393.0,-5302.0,4563.0,-346.0
DARK_MATTER,6,1.5,5,10,477.0,-2102.0,4374.5,2749.5
DARK_MATTER,6,1.5,10,3,-1248.0,-2088.0,2008.5,-1327.5
DARK_MATTER,6,1.5,10,5,-39.0,-5585.0,4035.0,-1589.0
DARK_MATTER,6,1.5,10,7,393.0,-5302.0,4563.0,-346.0
DARK_MATTER,6,1.5,10,10,477.0,-2102.0,4374.5,2749.5
DARK_MATTER,6,2.0,5,3,-1532.0,-2408.0,1731.5,-2208.5
DARK_MATTER,6,2.0,5,5,-410.0,-6064.0,3614.0,-2860.0
DARK_MATTER,6,2.0,5,7,538.0,-5255.0,4750.0,33.0
DARK_MATTER,6,2.0,5,10,208.0,-2306.0,4200.5,2102.5
DARK_MATTER,6,2.0,10,3,-1532.0,-2408.0,1731.5,-2208.5
DARK_MATTER,6,2.0,10,5,-410.0,-6064.0,3614.0,-2860.0
DARK_MATTER,6,2.0,10,7,538.0,-5255.0,4750.0,33.0
DARK_MATTER,6,2.0,10,10,208.0,-2306.0,4200.5,2102.5
DARK_MATTER,6,3.0,5,3,-2030.0,-3046.0,1221.5,-3854.5
DARK_MATTER,6,3.0,5,5,-261.0,-5995.0,3809.0,-2447.0
DARK_MATTER,6,3.0,5,7,290.0,-5574.0,4573.0,-711.0
DARK_MATTER,6,3.0,5,10,-24.0,-2665.0,3990.5,1301.5
DARK_MATTER,6,3.0,10,3,-2030.0,-3046.0,1221.5,-3854.5
DARK_MATTER,6,3.0,10,5,-261.0,-5995.0,3809.0,-2447.0
DARK_MATTER,6,3.0,10,7,290.0,-5574.0,4573.0,-711.0
DARK_MATTER,6,3.0,10,10,-24.0,-2665.0,3990.5,1301.5
DARK_MATTER,6,5.0,5,3,-1980.0,-2960.0,1287.5,-3652.5
DARK_MATTER,6,5.0,5,5,-475.0,-6211.0,3573.0,-3113.0
DARK_MATTER,6,5.0,5,7,127.0,-5909.0,4346.0,-1436.0
DARK_MATTER,6,5.0,5,10,-94.0,-2816.0,3827.5,917.5
DARK_MATTER,6,5.0,10,3,-1980.0,-2960.0,1287.5,-3652.5
DARK_MATTER,6,5.0,10,5,-475.0,-6211.0,3573.0,-3113.0
DARK_MATTER,6,5.0,10,7,127.0,-5909.0,4346.0,-1436.0
DARK_MATTER,6,5.0,10,10,-94.0,-2816.0,3827.5,917.5
DARK_MATTER,7,0.0,5,3,-583.0,-1193.0,2724.5,948.5
DARK_MATTER,7,0.0,5,5,1003.0,-4172.0,5128.0,1959.0
DARK_MATTER,7,0.0,5,7,1834.0,-3458.0,6159.0,4535.0
DARK_MATTER,7,0.0,5,10,1855.0,-233.0,5935.5,7557.5
DARK_MATTER,7,0.0,10,3,-583.0,-1193.0,2724.5,948.5
DARK_MATTER,7,0.0,10,5,1003.0,-4172.0,5128.0,1959.0
DARK_MATTER,7,0.0,10,7,1834.0,-3458.0,6159.0,4535.0
DARK_MATTER,7,0.0,10,10,1855.0,-233.0,5935.5,7557.5
DARK_MATTER,7,0.5,5,3,-598.0,-1234.0,2695.5,863.5
DARK_MATTER,7,0.5,5,5,905.0,-4350.0,5014.0,1569.0
DARK_MATTER,7,0.5,5,7,1618.0,-3756.0,5899.0,3761.0
DARK_MATTER,7,0.5,5,10,1442.0,-733.0,5446.5,6155.5
DARK_MATTER,7,0.5,10,3,-598.0,-1234.0,2695.5,863.5
DARK_MATTER,7,0.5,10,5,905.0,-4350.0,5014.0,1569.0
DARK_MATTER,7,0.5,10,7,1618.0,-3756.0,5899.0,3761.0
DARK_MATTER,7,0.5,10,10,1442.0,-733.0,5446.5,6155.5
DARK_MATTER,7,1.0,5,3,-784.0,-1507.0,2494.5,203.5
DARK_MATTER,7,1.0,5,5,570.0,-4797.0,4649.0,422.0
DARK_MATTER,7,1.0,5,7,1118.0,-4361.0,5355.0,2112.0
DARK_MATTER,7,1.0,5,10,725.0,-1581.0,4673.5,3817.5
DARK_MATTER,7,1.0,10,3,-784.0,-1507.0,2494.5,203.5
DARK_MATTER,7,1.0,10,5,570.0,-4797.0,4649.0,422.0
DARK_MATTER,7,1.0,10,7,1118.0,-4361.0,5355.0,2112.0
DARK_MATTER,7,1.0,10,10,725.0,-1581.0,4673.5,3817.5
DARK_MATTER,7,1.5,5,3,-1020.0,-1794.0,2258.5,-555.5
DARK_MATTER,7,1.5,5,5,193.0,-5292.0,4247.0,-852.0
DARK_MATTER,7,1.5,5,7,623.0,-4991.0,4809.0,441.0
DARK_MATTER,7,1.5,5,10,622.0,-1905.0,4551.5,3268.5
DARK_MATTER,7,1.5,10,3,-1020.0,-1794.0,2258.5,-555.5
DARK_MATTER,7,1.5,10,5,193.0,-5292.0,4247.0,-852.0
DARK_MATTER,7,1.5,10,7,623.0,-4991.0,4809.0,441.0
DARK_MATTER,7,1.5,10,10,622.0,-1905.0,4551.5,3268.5
DARK_MATTER,7,2.0,5,3,-1271.0,-2129.0,1997.5,-1402.5
DARK_MATTER,7,2.0,5,5,-162.0,-5783.0,3883.0,-2062.0
DARK_MATTER,7,2.0,5,7,611.0,-5075.0,4835.0,371.0
DARK_MATTER,7,2.0,5,10,326.0,-2180.0,4242.5,2388.5
DARK_MATTER,7,2.0,10,3,-1271.0,-2129.0,1997.5,-1402.5
DARK_MATTER,7,2.0,10,5,-162.0,-5783.0,3883.0,-2062.0
DARK_MATTER,7,2.0,10,7,611.0,-5075.0,4835.0,371.0
DARK_MATTER,7,2.0,10,10,326.0,-2180.0,4242.5,2388.5
DARK_MATTER,7,3.0,5,3,-1787.0,-2759.0,1439.5,-3106.5
DARK_MATTER,7,3.0,5,5,-240.0,-5885.0,3903.0,-2222.0
DARK_MATTER,7,3.0,5,7,417.0,-5425.0,4627.0,-381.0
DARK_MATTER,7,3.0,5,10,-9.0,-2493.0,4034.5,1532.5
DARK_MATTER,7,3.0,10,3,-1787.0,-2759.0,1439.5,-3106.5
DARK_MATTER,7,3.0,10,5,-240.0,-5885.0,3903.0,-2222.0
DARK_MATTER,7,3.0,10,7,417.0,-5425.0,4627.0,-381.0
DARK_MATTER,7,3.0,10,10,-9.0,-2493.0,4034.5,1532.5
DARK_MATTER,7,5.0,5,3,-1849.0,-2817.0,1407.5,-3258.5
DARK_MATTER,7,5.0,5,5,-372.0,-6103.0,3654.0,-2821.0
DARK_MATTER,7,5.0,5,7,184.0,-5802.0,4393.0,-1225.0
DARK_MATTER,7,5.0,5,10,-59.0,-2734.0,3853.5,1060.5
DARK_MATTER,7,5.0,10,3,-1849.0,-2817.0,1407.5,-3258.5
DARK_MATTER,7,5.0,10,5,-372.0,-6103.0,3654.0,-2821.0
DARK_MATTER,7,5.0,10,7,184.0,-5802.0,4393.0,-1225.0
DARK_MATTER,7,5.0,10,10,-59.0,-2734.0,3853.5,1060.5
DARK_MATTER,8,0.0,5,3,-583.0,-1193.0,2724.5,948.5
DARK_MATTER,8,0.0,5,5,1003.0,-4172.0,5128.0,1959.0
DARK_MATTER,8,0.0,5,7,1834.0,-3458.0,6159.0,4535.0
DARK_MATTER,8,0.0,5,10,1855.0,-233.0,5935.5,7557.5
DARK_MATTER,8,0.0,10,3,-583.0,-1193.0,2724.5,948.5
DARK_MATTER,8,0.0,10,5,1003.0,-4172.0,5128.0,1959.0
DARK_MATTER,8,0.0,10,7,1834.0,-3458.0,6159.0,4535.0
DARK_MATTER,8,0.0,10,10,1855.0,-233.0,5935.5,7557.5
DARK_MATTER,8,0.5,5,3,-583.0,-1193.0,2724.5,948.5
DARK_MATTER,8,0.5,5,5,995.0,-4194.0,5107.0,1908.0
DARK_MATTER,8,0.5,5,7,1750.0,-3575.0,6059.0,4234.0
DARK_MATTER,8,0.5,5,10,1617.0,-510.0,5666.5,6773.5
DARK_MATTER,8,0.5,10,3,-583.0,-1193.0,2724.5,948.5
DARK_MATTER,8,0.5,10,5,995.0,-4194.0,5107.0,1908.0
DARK_MATTER,8,0.5,10,7,1750.0,-3575.0,6059.0,4234.0
DARK_MATTER,8,0.5,10,10,1617.0,-510.0,5666.5,6773.5
DARK_MATTER,8,1.0,5,3,-637.0,-1311.0,2660.5,712.5
DARK_MATTER,8,1.0,5,5,724.0,-4566.0,4822.0,980.0
DARK_MATTER,8,1.0,5,7,1302.0,-4113.0,5549.0,2738.0
DARK_MATTER,8,1.0,5,10,944.0,-1281.0,4907.5,4570.5
DARK_MATTER,8,1.0,10,3,-637.0,-1311.0,2660.5,712.5
DARK_MATTER,8,1.0,10,5,724.0,-4566.0,4822.0,980.0
DARK_MATTER,8,1.0,10,7,1302.0,-4113.0,5549.0,2738.0
DARK_MATTER,8,1.0,10,10,944.0,-1281.0,4907.5,4570.5
DARK_MATTER,8,1.5,5,3,-847.0,-1571.0,2434.5,16.5
DARK_MATTER,8,1.5,5,5,375.0,-5024.0,4463.0,-186.0
DARK_MATTER,8,1.5,5,7,821.0,-4707.0,5003.0,1117.0
DARK_MATTER,8,1.5,5,10,714.0,-1765.0,4674.5,3623.5
DARK_MATTER,8,1.5,10,3,-847.0,-1571.0,2434.5,16.5
DARK_MATTER,8,1.5,10,5,375.0,-5024.0,4463.0,-186.0
DARK_MATTER,8,1.5,10,7,821.0,-4707.0,5003.0,1117.0
DARK_MATTER,8,1.5,10,10,714.0,-1765.0,4674.5,3623.5
DARK_MATTER,8,2.0,5,3,-1082.0,-1845.0,2192.5,-734.5
DARK_MATTER,8,2.0,5,5,24.0,-5480.0,4064.0,-1392.0
DARK_MATTER,8,2.0,5,7,747.0,-4832.0,4975.0,890.0
DARK_MATTER,8,2.0,5,10,421.0,-2036.0,4356.5,2741.5
DARK_MATTER,8,2.0,10,3,-1082.0,-1845.0,2192.5,-734.5
DARK_MATTER,8,2.0,10,5,24.0,-5480.0,4064.0,-1392.0
DARK_MATTER,8,2.0,10,7,747.0,-4832.0,4975.0,890.0
DARK_MATTER,8,2.0,10,10,421.0,-2036.0,4356.5,2741.5
DARK_MATTER,8,3.0,5,3,-1589.0,-2483.0,1690.5,-2381.5
DARK_MATTER,8,3.0,5,5,-103.0,-5726.0,4002.0,-1827.0
DARK_MATTER,8,3.0,5,7,541.0,-5243.0,4731.0,29.0
DARK_MATTER,8,3.0,5,10,135.0,-2441.0,4058.5,1752.5
DARK_MATTER,8,3.0,10,3,-1589.0,-2483.0,1690.5,-2381.5
DARK_MATTER,8,3.0,10,5,-103.0,-5726.0,4002.0,-1827.0
DARK_MATTER,8,3.0,10,7,541.0,-5243.0,4731.0,29.0
DARK_MATTER,8,3.0,10,10,135.0,-2441.0,4058.5,1752.5
DARK_MATTER,8,5.0,5,3,-1756.0,-2666.0,1523.5,-2898.5
DARK_MATTER,8,5.0,5,5,-303.0,-6021.0,3734.0,-2590.0
DARK_MATTER,8,5.0,5,7,241.0,-5693.0,4434.0,-1018.0
DARK_MATTER,8,5.0,5,10,-24.0,-2693.0,3893.5,1176.5
DARK_MATTER,8,5.0,10,3,-1756.0,-2666.0,1523.5,-2898.5
DARK_MATTER,8,5.0,10,5,-303.0,-6021.0,3734.0,-2590.0
DARK_MATTER,8,5.0,10,7,241.0,-5693.0,4434.0,-1018.0
DARK_MATTER,8,5.0,10,10,-24.0,-2693.0,3893.5,1176.5
PLANETARY_RINGS,4,0.0,5,3,5928.0,-1747.5,-1203.5,2977.0
PLANETARY_RINGS,4,0.0,5,5,11224.0,-948.0,-3996.0,6280.0
PLANETARY_RINGS,4,0.0,5,7,16560.0,-1025.0,-5949.0,9586.0
PLANETARY_RINGS,4,0.0,5,10,22573.0,395.5,-7789.5,15179.0
PLANETARY_RINGS,4,0.0,10,3,5928.0,-1747.5,-1203.5,2977.0
PLANETARY_RINGS,4,0.0,10,5,11224.0,-948.0,-3996.0,6280.0
PLANETARY_RINGS,4,0.0,10,7,16560.0,-1025.0,-5949.0,9586.0
PLANETARY_RINGS,4,0.0,10,10,22573.0,395.5,-7789.5,15179.0
PLANETARY_RINGS,4,0.5,5,3,5768.0,-2001.5,-1419.5,2347.0
PLANETARY_RINGS,4,0.5,5,5,10963.0,-1295.0,-4266.0,5402.0
PLANETARY_RINGS,4,0.5,5,7,16269.0,-1424.0,-6272.0,8573.0
PLANETARY_RINGS,4,0.5,5,10,22092.0,-113.5,-8263.5,13715.0
PLANETARY_RINGS,4,0.5,10,3,5768.0,-2001.5,-1419.5,2347.0
PLANETARY_RINGS,4,0.5,10,5,10963.0,-1295.0,-4266.0,5402.0
PLANETARY_RINGS,4,0.5,10,7,16269.0,-1424.0,-6272.0,8573.0
PLANETARY_RINGS,4,0.5,10,10,22092.0,-113.5,-8263.5,13715.0
PLANETARY_RINGS,4,1.0,5,3,5508.0,-2273.5,-1663.5,1571.0
PLANETARY_RINGS,4,1.0,5,5,10637.0,-1701.0,-4626.0,4310.0
PLANETARY_RINGS,4,1.0,5,7,15767.0,-1967.0,-6779.0,7021.0
PLANETARY_RINGS,4,1.0,5,10,21781.0,-783.5,-8632.5,12365.0
PLANETARY_RINGS,4,1.0,10,3,5508.0,-2273.5,-1663.5,1571.0
PLANETARY_RINGS,4,1.0,10,5,10637.0,-1701.0,-4626.0,4310.0
PLANETARY_RINGS,4,1.0,10,7,15767.0,-1967.0,-6779.0,7021.0
PLANETARY_RINGS,4,1.0,10,10,21781.0,-783.5,-8632.5,12365.0
PLANETARY_RINGS,4,1.5,5,3,5217.0,-2582.5,-1886.5,748.0
PLANETARY_RINGS,4,1.5,5,5,10296.0,-2122.0,-4986.0,3188.0
PLANETARY_RINGS,4,1.5,5,7,15764.0,-2156.0,-6783.0,6825.0
PLANETARY_RINGS,4,1.5,5,10,21487.0,-850.5,-8860.5,11776.0
PLANETARY_RINGS,4,1.5,10,3,5217.0,-2582.5,-1886.5,748.0
PLANETARY_RINGS,4,1.5,10,5,10296.0,-2122.0,-4986.0,3188.0
PLANETARY_RINGS,4,1.5,10,7,15764.0,-2156.0,-6783.0,6825.0
PLANETARY_RINGS,4,1.5,10,10,21487.0,-850.5,-8860.5,11776.0
PLANETARY_RINGS,4,2.0,5,3,4981.0,-2889.5,-2154.5,-63.0
PLANETARY_RINGS,4,2.0,5,5,10415.0,-2325.0,-4814.0,3276.0
PLANETARY_RINGS,4,2.0,5,7,15691.0,-2194.0,-6833.0,6664.0
PLANETARY_RINGS,4,2.0,5,10,21373.0,-1040.5,-9020.5,11312.0
PLANETARY_RINGS,4,2.0,10,3,4981.0,-2889.5,-2154.5,-63.0
PLANETARY_RINGS,4,2.0,10,5,10415.0,-2325.0,-4814.0,3276.0
PLANETARY_RINGS,4,2.0,10,7,15691.0,-2194.0,-6833.0,6664.0
PLANETARY_RINGS,4,2.0,10,10,21373.0,-1040.5,-9020.5,11312.0
PLANETARY_RINGS,4,3.0,5,3,4780.0,-3479.5,-2535.5,-1235.0
PLANETARY_RINGS,4,3.0,5,5,10328.0,-2209.0,-4891.0,3228.0
PLANETARY_RINGS,4,3.0,5,7,15474.0,-2529.0,-7000.0,5945.0
PLANETARY_RINGS,4,3.0,5,10,21294.0,-1246.5,-9095.5,10952.0
PLANETARY_RINGS,4,3.0,10,3,4780.0,-3479.5,-2535.5,-1235.0
PLANETARY_RINGS,4,3.0,10,5,10328.0,-2209.0,-4891.0,3228.0
PLANETARY_RINGS,4,3.0,10,7,15474.0,-2529.0,-7000.0,5945.0
PLANETARY_RINGS,4,3.0,10,10,21294.0,-1246.5,-9095.5,10952.0
PLANETARY_RINGS,4,5.0,5,3,5071.0,-2945.5,-2092.5,33.0
PLANETARY_RINGS,4,5.0,5,5,10139.0,-2208.0,-5029.0,2902.0
PLANETARY_RINGS,4,5.0,5,7,15308.0,-2741.0,-7280.0,5287.0
PLANETARY_RINGS,4,5.0,5,10,21216.0,-1360.5,-9264.5,10591.0
PLANETARY_RINGS,4,5.0,10,3,5071.0,-2945.5,-2092.5,33.0
PLANETARY_RINGS,4,5.0,10,5,10139.0,-2208.0,-5029.0,2902.0
PLANETARY_RINGS,4,5.0,10,7,15308.0,-2741.0,-7280.0,5287.0
PLANETARY_RINGS,4,5.0,10,10,21216.0,-1360.5,-9264.5,10591.0
PLANETARY_RINGS,5,0.0,5,3,6317.0,-1305.5,-854.5,4157.0
PLANETARY_RINGS,5,0.0,5,5,11670.0,-439.0,-3586.0,7645.0
PLANETARY_RINGS,5,0.0,5,7,17031.0,-484.0,-5502.0,11045.0
PLANETARY_RINGS,5,0.0,5,10,23065.0,964.5,-7312.5,16717.0
PLANETARY_RINGS,5,0.0,10,3,6317.0,-1305.5,-854.5,4157.0
PLANETARY_RINGS,5,0.0,10,5,11670.0,-439.0,-3586.0,7645.0
PLANETARY_RINGS,5,0.0,10,7,17031.0,-484.0,-5502.0,11045.0
PLANETARY_RINGS,5,0.0,10,10,23065.0,964.5,-7312.5,16717.0
PLANETARY_RINGS,5,0.5,5,3,6043.0,-1595.5,-1089.5,3358.0
PLANETARY_RINGS,5,0.5,5,5,11342.0,-794.0,-3902.0,6646.0
PLANETARY_RINGS,5,0.5,5,7,16544.0,-923.0,-5932.0,9689.0
PLANETARY_RINGS,5,0.5,5,10,22386.0,369.5,-7958.5,14797.0
PLANETARY_RINGS,5,0.5,10,3,6043.0,-1595.5,-1089.5,3358.0
PLANETARY_RINGS,5,0.5,10,5,11342.0,-794.0,-3902.0,6646.0
PLANETARY_RINGS,5,0.5,10,7,16544.0,-923.0,-5932.0,9689.0
PLANETARY_RINGS,5,0.5,10,10,22386.0,369.5,-7958.5,14797.0
PLANETARY_RINGS,5,1.0,5,3,5817.0,-1891.5,-1322.5,2603.0
PLANETARY_RINGS,5,1.0,5,5,10932.0,-1252.0,-4288.0,5392.0
PLANETARY_RINGS,5,1.0,5,7,16043.0,-1545.0,-6500.0,7998.0
PLANETARY_RINGS,5,1.0,5,10,21815.0,-459.5,-8688.5,12667.0
PLANETARY_RINGS,5,1.0,10,3,5817.0,-1891.5,-1322.5,2603.0
PLANETARY_RINGS,5,1.0,10,5,10932.0,-1252.0,-4288.0,5392.0
PLANETARY_RINGS,5,1.0,10,7,16043.0,-1545.0,-6500.0,7998.0
PLANETARY_RINGS,5,1.0,10,10,21815.0,-459.5,-8688.5,12667.0
PLANETARY_RINGS,5,1.5,5,3,5586.0,-2189.5,-1609.5,1787.0
PLANETARY_RINGS,5,1.5,5,5,10561.0,-1723.0,-4683.0,4155.0
PLANETARY_RINGS,5,1.5,5,7,15859.0,-2163.0,-6747.0,6949.0
PLANETARY_RINGS,5,1.5,5,10,21683.0,-614.5,-8714.5,12354.0
PLANETARY_RINGS,5,1.5,10,3,5586.0,-2189.5,-1609.5,1787.0
PLANETARY_RINGS,5,1.5,10,5,10561.0,-1723.0,-4683.0,4155.0
PLANETARY_RINGS,5,1.5,10,7,15859.0,-2163.0,-6747.0,6949.0
PLANETARY_RINGS,5,1.5,10,10,21683.0,-614.5,-8714.5,12354.0
PLANETARY_RINGS,5,2.0,5,3,5300.0,-2499.5,-1871.5,929.0
PLANETARY_RINGS,5,2.0,5,5,10456.0,-2195.0,-4928.0,3333.0
PLANETARY_RINGS,5,2.0,5,7,15841.0,-2030.0,-6721.0,7090.0
PLANETARY_RINGS,5,2.0,5,10,21489.0,-774.5,-8844.5,11870.0
PLANETARY_RINGS,5,2.0,10,3,5300.0,-2499.5,-1871.5,929.0
PLANETARY_RINGS,5,2.0,10,5,10456.0,-2195.0,-4928.0,3333.0
PLANETARY_RINGS,5,2.0,10,7,15841.0,-2030.0,-6721.0,7090.0
PLANETARY_RINGS,5,2.0,10,10,21489.0,-774.5,-8844.5,11870.0
PLANETARY_RINGS,5,3.0,5,3,4782.0,-3146.5,-2392.5,-757.0
PLANETARY_RINGS,5,3.0,5,5,10451.0,-2003.0,-4793.0,3655.0
PLANETARY_RINGS,5,3.0,5,7,15574.0,-2326.0,-6916.0,6332.0
PLANETARY_RINGS,5,3.0,5,10,21310.0,-1120.5,-9043.5,11146.0
PLANETARY_RINGS,5,3.0,10,3,4782.0,-3146.5,-2392.5,-757.0
PLANETARY_RINGS,5,3.0,10,5,10451.0,-2003.0,-4793.0,3655.0
PLANETARY_RINGS,5,3.0,10,7,15574.0,-2326.0,-6916.0,6332.0
PLANETARY_RINGS,5,3.0,10,10,21310.0,-1120.5,-9043.5,11146.0
PLANETARY_RINGS,5,5.0,5,3,5091.0,-2918.5,-2187.5,-15.0
PLANETARY_RINGS,5,5.0,5,5,10241.0,-2158.0,-5003.0,3080.0
PLANETARY_RINGS,5,5.0,5,7,15364.0,-2626.0,-7125.0,5613.0
PLANETARY_RINGS,5,5.0,5,10,21280.0,-1225.5,-9192.5,10862.0
PLANETARY_RINGS,5,5.0,10,3,5091.0,-2918.5,-2187.5,-15.0
PLANETARY_RINGS,5,5.0,10,5,10241.0,-2158.0,-5003.0,3080.0
PLANETARY_RINGS,5,5.0,10,7,15364.0,-2626.0,-7125.0,5613.0
PLANETARY_RINGS,5,5.0,10,10,21280.0,-1225.5,-9192.5,10862.0
PLANETARY_RINGS,6,0.0,5,3,6466.0,-929.5,-585.5,4951.0
PLANETARY_RINGS,6,0.0,5,5,11830.0,44.0,-3273.0,8601.0
PLANETARY_RINGS,6,0.0,5,7,17197.0,47.0,-5160.0,12084.0
PLANETARY_RINGS,6,0.0,5,10,23239.0,1535.5,-6949.5,17825.0
PLANETARY_RINGS,6,0.0,10,3,6466.0,-929.5,-585.5,4951.0
PLANETARY_RINGS,6,0.0,10,5,11830.0,44.0,-3273.0,8601.0
PLANETARY_RINGS,6,0.0,10,7,17197.0,47.0,-5160.0,12084.0
PLANETARY_RINGS,6,0.0,10,10,23239.0,1535.5,-6949.5,17825.0
PLANETARY_RINGS,6,0.5,5,3,6351.0,-1196.5,-794.5,4360.0
PLANETARY_RINGS,6,0.5,5,5,11565.0,-369.0,-3614.0,7582.0
PLANETARY_RINGS,6,0.5,5,7,16829.0,-517.0,-5666.0,10646.0
PLANETARY_RINGS,6,0.5,5,10,22634.0,770.5,-7671.5,15733.0
PLANETARY_RINGS,6,0.5,10,3,6351.0,-1196.5,-794.5,4360.0
PLANETARY_RINGS,6,0.5,10,5,11565.0,-369.0,-3614.0,7582.0
PLANETARY_RINGS,6,0.5,10,7,16829.0,-517.0,-5666.0,10646.0
PLANETARY_RINGS,6,0.5,10,10,22634.0,770.5,-7671.5,15733.0
PLANETARY_RINGS,6,1.0,5,3,6088.0,-1508.5,-1078.5,3501.0
PLANETARY_RINGS,6,1.0,5,5,11201.0,-856.0,-4023.0,6322.0
PLANETARY_RINGS,6,1.0,5,7,16269.0,-1176.0,-6235.0,8858.0
PLANETARY_RINGS,6,1.0,5,10,21933.0,-101.5,-8469.5,13362.0
PLANETARY_RINGS,6,1.0,10,3,6088.0,-1508.5,-1078.5,3501.0
PLANETARY_RINGS,6,1.0,10,5,11201.0,-856.0,-4023.0,6322.0
PLANETARY_RINGS,6,1.0,10,7,16269.0,-1176.0,-6235.0,8858.0
PLANETARY_RINGS,6,1.0,10,10,21933.0,-101.5,-8469.5,13362.0
PLANETARY_RINGS,6,1.5,5,3,5794.0,-1835.5,-1330.5,2628.0
PLANETARY_RINGS,6,1.5,5,5,10810.0,-1361.0,-4427.0,5022.0
PLANETARY_RINGS,6,1.5,5,7,15881.0,-1824.0,-6799.0,7258.0
PLANETARY_RINGS,6,1.5,5,10,21883.0,-321.5,-8522.5,13039.0
PLANETARY_RINGS,6,1.5,10,3,5794.0,-1835.5,-1330.5,2628.0
PLANETARY_RINGS,6,1.5,10,5,10810.0,-1361.0,-4427.0,5022.0
PLANETARY_RINGS,6,1.5,10,7,15881.0,-1824.0,-6799.0,7258.0
PLANETARY_RINGS,6,1.5,10,10,21883.0,-321.5,-8522.5,13039.0
PLANETARY_RINGS,6,2.0,5,3,5541.0,-2182.5,-1609.5,1749.0
PLANETARY_RINGS,6,2.0,5,5,10429.0,-1862.0,-4820.0,3747.0
PLANETARY_RINGS,6,2.0,5,7,15922.0,-1798.0,-6611.0,7513.0
PLANETARY_RINGS,6,2.0,5,10,21599.0,-544.5,-8740.5,12314.0
PLANETARY_RINGS,6,2.0,10,3,5541.0,-2182.5,-1609.5,1749.0
PLANETARY_RINGS,6,2.0,10,5,10429.0,-1862.0,-4820.0,3747.0
PLANETARY_RINGS,6,2.0,10,7,15922.0,-1798.0,-6611.0,7513.0
PLANETARY_RINGS,6,2.0,10,10,21599.0,-544.5,-8740.5,12314.0
PLANETARY_RINGS,6,3.0,5,3,5057.0,-2794.5,-2148.5,114.0
PLANETARY_RINGS,6,3.0,5,5,10613.0,-1818.0,-4610.0,4185.0
PLANETARY_RINGS,6,3.0,5,7,15692.0,-2103.0,-6761.0,6828.0
PLANETARY_RINGS,6,3.0,5,10,21412.0,-949.5,-8959.5,11503.0
PLANETARY_RINGS,6,3.0,10,3,5057.0,-2794.5,-2148.5,114.0
PLANETARY_RINGS,6,3.0,10,5,10613.0,-1818.0,-4610.0,4185.0
PLANETARY_RINGS,6,3.0,10,7,15692.0,-2103.0,-6761.0,6828.0
PLANETARY_RINGS,6,3.0,10,10,21412.0,-949.5,-8959.5,11503.0
PLANETARY_RINGS,6,5.0,5,3,5110.0,-2718.5,-2064.5,327.0
PLANETARY_RINGS,6,5.0,5,5,10391.0,-2022.0,-4876.0,3493.0
PLANETARY_RINGS,6,5.0,5,7,15517.0,-2484.0,-7033.0,6000.0
PLANETARY_RINGS,6,5.0,5,10,21324.0,-1115.5,-9134.5,11074.0
PLANETARY_RINGS,6,5.0,10,3,5110.0,-2718.5,-2064.5,327.0
PLANETARY_RINGS,6,5.0,10,5,10391.0,-2022.0,-4876.0,3493.0
PLANETARY_RINGS,6,5.0,10,7,15517.0,-2484.0,-7033.0,6000.0
PLANETARY_RINGS,6,5.0,10,10,21324.0,-1115.5,-9134.5,11074.0
PLANETARY_RINGS,7,0.0,5,3,6472.0,-714.5,-557.5,5200.0
PLANETARY_RINGS,7,0.0,5,5,11843.0,294.0,-3241.0,8896.0
PLANETARY_RINGS,7,0.0,5,7,17210.0,316.0,-5127.0,12399.0
PLANETARY_RINGS,7,0.0,5,10,23252.0,1823.5,-6912.5,18163.0
PLANETARY_RINGS,7,0.0,10,3,6472.0,-714.5,-557.5,5200.0
PLANETARY_RINGS,7,0.0,10,5,11843.0,294.0,-3241.0,8896.0
PLANETARY_RINGS,7,0.0,10,7,17210.0,316.0,-5127.0,12399.0
PLANETARY_RINGS,7,0.0,10,10,23252.0,1823.5,-6912.5,18163.0
PLANETARY_RINGS,7,0.5,5,3,6448.0,-898.5,-604.5,4945.0
PLANETARY_RINGS,7,0.5,5,5,11753.0,-51.0,-3410.0,8292.0
PLANETARY_RINGS,7,0.5,5,7,16975.0,-160.0,-5449.0,11366.0
PLANETARY_RINGS,7,0.5,5,10,22850.0,1130.5,-7457.5,16523.0
PLANETARY_RINGS,7,0.5,10,3,6448.0,-898.5,-604.5,4945.0
PLANETARY_RINGS,7,0.5,10,5,11753.0,-51.0,-3410.0,8292.0
PLANETARY_RINGS,7,0.5,10,7,16975.0,-160.0,-5449.0,11366.0
PLANETARY_RINGS,7,0.5,10,10,22850.0,1130.5,-7457.5,16523.0
PLANETARY_RINGS,7,1.0,5,3,6276.0,-1212.5,-827.5,4236.0
PLANETARY_RINGS,7,1.0,5,5,11413.0,-539.0,-3769.0,7105.0
PLANETARY_RINGS,7,1.0,5,7,16506.0,-817.0,-6001.0,9688.0
PLANETARY_RINGS,7,1.0,5,10,22128.0,255.5,-8246.5,14137.0
PLANETARY_RINGS,7,1.0,10,3,6276.0,-1212.5,-827.5,4236.0
PLANETARY_RINGS,7,1.0,10,5,11413.0,-539.0,-3769.0,7105.0
PLANETARY_RINGS,7,1.0,10,7,16506.0,-817.0,-6001.0,9688.0
PLANETARY_RINGS,7,1.0,10,10,22128.0,255.5,-8246.5,14137.0
PLANETARY_RINGS,7,1.5,5,3,6067.0,-1525.5,-1097.5,3444.0
PLANETARY_RINGS,7,1.5,5,5,11026.0,-1047.0,-4173.0,5806.0
PLANETARY_RINGS,7,1.5,5,7,16012.0,-1439.0,-6558.0,8015.0
PLANETARY_RINGS,7,1.5,5,10,22019.0,-142.5,-8389.5,13487.0
PLANETARY_RINGS,7,1.5,10,3,6067.0,-1525.5,-1097.5,3444.0
PLANETARY_RINGS,7,1.5,10,5,11026.0,-1047.0,-4173.0,5806.0
PLANETARY_RINGS,7,1.5,10,7,16012.0,-1439.0,-6558.0,8015.0
PLANETARY_RINGS,7,1.5,10,10,22019.0,-142.5,-8389.5,13487.0
PLANETARY_RINGS,7,2.0,5,3,5804.0,-1837.5,-1359.5,2607.0
PLANETARY_RINGS,7,2.0,5,5,10694.0,-1516.0,-4565.0,4613.0
PLANETARY_RINGS,7,2.0,5,7,16040.0,-1538.0,-6521.0,7981.0
PLANETARY_RINGS,7,2.0,5,10,21708.0,-460.5,-8681.5,12566.0
PLANETARY_RINGS,7,2.0,10,3,5804.0,-1837.5,-1359.5,2607.0
PLANETARY_RINGS,7,2.0,10,5,10694.0,-1516.0,-4565.0,4613.0
PLANETARY_RINGS,7,2.0,10,7,16040.0,-1538.0,-6521.0,7981.0
PLANETARY_RINGS,7,2.0,10,10,21708.0,-460.5,-8681.5,12566.0
PLANETARY_RINGS,7,3.0,5,3,5258.0,-2498.5,-1890.5,869.0
PLANETARY_RINGS,7,3.0,5,5,10646.0,-1688.0,-4606.0,4352.0
PLANETARY_RINGS,7,3.0,5,7,15805.0,-1932.0,-6726.0,7147.0
PLANETARY_RINGS,7,3.0,5,10,21420.0,-853.5,-8945.5,11621.0
PLANETARY_RINGS,7,3.0,10,3,5258.0,-2498.5,-1890.5,869.0
PLANETARY_RINGS,7,3.0,10,5,10646.0,-1688.0,-4606.0,4352.0
PLANETARY_RINGS,7,3.0,10,7,15805.0,-1932.0,-6726.0,7147.0
PLANETARY_RINGS,7,3.0,10,10,21420.0,-853.5,-8945.5,11621.0
PLANETARY_RINGS,7,5.0,5,3,5213.0,-2554.5,-1931.5,727.0
PLANETARY_RINGS,7,5.0,5,5,10462.0,-1886.0,-4810.0,3766.0
PLANETARY_RINGS,7,5.0,5,7,15563.0,-2346.0,-6998.0,6219.0
PLANETARY_RINGS,7,5.0,5,10,21353.0,-1040.5,-9115.5,11197.0
PLANETARY_RINGS,7,5.0,10,3,5213.0,-2554.5,-1931.5,727.0
PLANETARY_RINGS,7,5.0,10,5,10462.0,-1886.0,-4810.0,3766.0
PLANETARY_RINGS,7,5.0,10,7,15563.0,-2346.0,-6998.0,6219.0
PLANETARY_RINGS,7,5.0,10,10,21353.0,-1040.5,-9115.5,11197.0
PLANETARY_RINGS,8,0.0,5,3,6472.0,-714.5,-557.5,5200.0
PLANETARY_RINGS,8,0.0,5,5,11843.0,294.0,-3241.0,8896.0
PLANETARY_RINGS,8,0.0,5,7,17210.0,316.0,-5127.0,12399.0
PLANETARY_RINGS,8,0.0,5,10,23252.0,1823.5,-6912.5,18163.0
PLANETARY_RINGS,8,0.0,10,3,6472.0,-714.5,-557.5,5200.0
PLANETARY_RINGS,8,0.0,10,5,11843.0,294.0,-3241.0,8896.0
PLANETARY_RINGS,8,0.0,10,7,17210.0,316.0,-5127.0,12399.0
PLANETARY_RINGS,8,0.0,10,10,23252.0,1823.5,-6912.5,18163.0
PLANETARY_RINGS,8,0.5,5,3,6472.0,-729.5,-557.5,5185.0
PLANETARY_RINGS,8,0.5,5,5,11830.0,169.0,-3278.0,8721.0
PLANETARY_RINGS,8,0.5,5,7,17147.0,68.0,-5272.0,11943.0
PLANETARY_RINGS,8,0.5,5,10,23002.0,1385.5,-7235.5,17152.0
PLANETARY_RINGS,8,0.5,10,3,6472.0,-729.5,-557.5,5185.0
PLANETARY_RINGS,8,0.5,10,5,11830.0,169.0,-3278.0,8721.0
PLANETARY_RINGS,8,0.5,10,7,17147.0,68.0,-5272.0,11943.0
PLANETARY_RINGS,8,0.5,10,10,23002.0,1385.5,-7235.5,17152.0
PLANETARY_RINGS,8,1.0,5,3,6414.0,-958.5,-672.5,4783.0
PLANETARY_RINGS,8,1.0,5,5,11570.0,-256.0,-3616.0,7698.0
PLANETARY_RINGS,8,1.0,5,7,16683.0,-509.0,-5794.0,10380.0
PLANETARY_RINGS,8,1.0,5,10,22341.0,548.5,-8002.5,14887.0
PLANETARY_RINGS,8,1.0,10,3,6414.0,-958.5,-672.5,4783.0
PLANETARY_RINGS,8,1.0,10,5,11570.0,-256.0,-3616.0,7698.0
PLANETARY_RINGS,8,1.0,10,7,16683.0,-509.0,-5794.0,10380.0
PLANETARY_RINGS,8,1.0,10,10,22341.0,548.5,-8002.5,14887.0
PLANETARY_RINGS,8,1.5,5,3,6208.0,-1241.5,-881.5,4085.0
PLANETARY_RINGS,8,1.5,5,5,11241.0,-740.0,-3978.0,6523.0
PLANETARY_RINGS,8,1.5,5,7,16198.0,-1152.0,-6342.0,8704.0
PLANETARY_RINGS,8,1.5,5,10,22121.0,-14.5,-8238.5,13868.0
PLANETARY_RINGS,8,1.5,10,3,6208.0,-1241.5,-881.5,4085.0
PLANETARY_RINGS,8,1.5,10,5,11241.0,-740.0,-3978.0,6523.0
PLANETARY_RINGS,8,1.5,10,7,16198.0,-1152.0,-6342.0,8704.0
PLANETARY_RINGS,8,1.5,10,10,22121.0,-14.5,-8238.5,13868.0
PLANETARY_RINGS,8,2.0,5,3,5987.0,-1570.5,-1136.5,3280.0
PLANETARY_RINGS,8,2.0,5,5,10868.0,-1236.0,-4355.0,5277.0
PLANETARY_RINGS,8,2.0,5,7,16134.0,-1596.0,-6400.0,8138.0
PLANETARY_RINGS,8,2.0,5,10,21826.0,-252.5,-8529.5,13044.0
PLANETARY_RINGS,8,2.0,10,3,5987.0,-1570.5,-1136.5,3280.0
PLANETARY_RINGS,8,2.0,10,5,10868.0,-1236.0,-4355.0,5277.0
PLANETARY_RINGS,8,2.0,10,7,16134.0,-1596.0,-6400.0,8138.0
PLANETARY_RINGS,8,2.0,10,10,21826.0,-252.5,-8529.5,13044.0
PLANETARY_RINGS,8,3.0,5,3,5499.0,-2206.5,-1674.5,1618.0
PLANETARY_RINGS,8,3.0,5,5,10776.0,-1475.0,-4428.0,4873.0
PLANETARY_RINGS,8,3.0,5,7,15931.0,-1750.0,-6623.0,7558.0
PLANETARY_RINGS,8,3.0,5,10,21550.0,-689.5,-8889.5,11971.0
PLANETARY_RINGS,8,3.0,10,3,5499.0,-2206.5,-1674.5,1618.0
PLANETARY_RINGS,8,3.0,10,5,10776.0,-1475.0,-4428.0,4873.0
PLANETARY_RINGS,8,3.0,10,7,15931.0,-1750.0,-6623.0,7558.0
PLANETARY_RINGS,8,3.0,10,10,21550.0,-689.5,-8889.5,11971.0
PLANETARY_RINGS,8,5.0,5,3,5327.0,-2402.5,-1820.5,1104.0
PLANETARY_RINGS,8,5.0,5,5,10567.0,-1811.0,-4713.0,4043.0
PLANETARY_RINGS,8,5.0,5,7,15623.0,-2243.0,-6937.0,6443.0
PLANETARY_RINGS,8,5.0,5,10,21394.0,-974.5,-9068.5,11351.0
PLANETARY_RINGS,8,5.0,10,3,5327.0,-2402.5,-1820.5,1104.0
PLANETARY_RINGS,8,5.0,10,5,10567.0,-1811.0,-4713.0,4043.0
PLANETARY_RINGS,8,5.0,10,7,15623.0,-2243.0,-6937.0,6443.0
PLANETARY_RINGS,8,5.0,10,10,21394.0,-974.5,-9068.5,11351.0
SOLAR_FLAMES,4,0.0,5,3,-4321.5,3207.0,2519.0,1404.5
SOLAR_FLAMES,4,0.0,5,5,-7969.5,4155.0,231.0,-3583.5
SOLAR_FLAMES,4,0.0,5,7,-9779.5,4490.0,-2236.0,-7525.5
SOLAR_FLAMES,4,0.0,5,10,-9712.0,2341.0,-3997.0,-11368.0
SOLAR_FLAMES,4,0.0,10,3,-4321.5,3207.0,2519.0,1404.5
SOLAR_FLAMES,4,0.0,10,5,-7969.5,4155.0,231.0,-3583.5
SOLAR_FLAMES,4,0.0,10,7,-9779.5,4490.0,-2236.0,-7525.5
SOLAR_FLAMES,4,0.0,10,10,-9712.0,2341.0,-3997.0,-11368.0
SOLAR_FLAMES,4,0.5,5,3,-4521.5,2970.0,2304.0,752.5
SOLAR_FLAMES,4,0.5,5,5,-8259.5,3786.0,-27.0,-4500.5
SOLAR_FLAMES,4,0.5,5,7,-10074.5,4111.0,-2573.0,-8536.5
SOLAR_FLAMES,4,0.5,5,10,-10164.0,1817.0,-4472.0,-12819.0
SOLAR_FLAMES,4,0.5,10,3,-4521.5,2970.0,2304.0,752.5
SOLAR_FLAMES,4,0.5,10,5,-8259.5,3786.0,-27.0,-4500.5
SOLAR_FLAMES,4,0.5,10,7,-10074.5,4111.0,-2573.0,-8536.5
SOLAR_FLAMES,4,0.5,10,10,-10164.0,1817.0,-4472.0,-12819.0
SOLAR_FLAMES,4,1.0,5,3,-4767.5,2660.0,2066.0,-41.5
SOLAR_FLAMES,4,1.0,5,5,-8549.5,3387.0,-382.0,-5544.5
SOLAR_FLAMES,4,1.0,5,7,-10546.5,3528.0,-3053.0,-10071.5
SOLAR_FLAMES,4,1.0,5,10,-10534.0,1232.0,-4818.0,-14120.0
SOLAR_FLAMES,4,1.0,10,3,-4767.5,2660.0,2066.0,-41.5
SOLAR_FLAMES,4,1.0,10,5,-8549.5,3387.0,-382.0,-5544.5
SOLAR_FLAMES,4,1.0,10,7,-10546.5,3528.0,-3053.0,-10071.5
SOLAR_FLAMES,4,1.0,10,10,-10534.0,1232.0,-4818.0,-14120.0
SOLAR_FLAMES,4,1.5,5,3,-5033.5,2369.0,1830.0,-834.5
SOLAR_FLAMES,4,1.5,5,5,-8884.5,2965.0,-766.0,-6685.5
SOLAR_FLAMES,4,1.5,5,7,-10560.5,3388.0,-3030.0,-10202.5
SOLAR_FLAMES,4,1.5,5,10,-10731.0,1087.0,-5054.0,-14698.0
SOLAR_FLAMES,4,1.5,10,3,-5033.5,2369.0,1830.0,-834.5
SOLAR_FLAMES,4,1.5,10,5,-8884.5,2965.0,-766.0,-6685.5
SOLAR_FLAMES,4,1.5,10,7,-10560.5,3388.0,-3030.0,-10202.5
SOLAR_FLAMES,4,1.5,10,10,-10731.0,1087.0,-5054.0,-14698.0
SOLAR_FLAMES,4,2.0,5,3,-5246.5,2055.0,1581.0,-1610.5
SOLAR_FLAMES,4,2.0,5,5,-8829.5,3006.0,-547.0,-6370.5
SOLAR_FLAMES,4,2.0,5,7,-10618.5,3292.0,-3130.0,-10456.5
SOLAR_FLAMES,4,2.0,5,10,-10864.0,983.0,-5240.0,-15121.0
SOLAR_FLAMES,4,2.0,10,3,-5246.5,2055.0,1581.0,-1610.5
SOLAR_FLAMES,4,2.0,10,5,-8829.5,3006.0,-547.0,-6370.5
SOLAR_FLAMES,4,2.0,10,7,-10618.5,3292.0,-3130.0,-10456.5
SOLAR_FLAMES,4,2.0,10,10,-10864.0,983.0,-5240.0,-15121.0
SOLAR_FLAMES,4,3.0,5,3,-5671.5,1450.0,1079.0,-3142.5
SOLAR_FLAMES,4,3.0,5,5,-8844.5,2860.0,-693.0,-6677.5
SOLAR_FLAMES,4,3.0,5,7,-10872.5,3000.0,-3288.0,-11160.5
SOLAR_FLAMES,4,3.0,5,10,-11055.0,711.0,-5360.0,-15704.0
SOLAR_FLAMES,4,3.0,10,3,-5671.5,1450.0,1079.0,-3142.5
SOLAR_FLAMES,4,3.0,10,5,-8844.5,2860.0,-693.0,-6677.5
SOLAR_FLAMES,4,3.0,10,7,-10872.5,3000.0,-3288.0,-11160.5
SOLAR_FLAMES,4,3.0,10,10,-11055.0,711.0,-5360.0,-15704.0
SOLAR_FLAMES,4,5.0,5,3,-5270.5,2043.0,1634.0,-1593.5
SOLAR_FLAMES,4,5.0,5,5,-9106.5,2815.0,-822.0,-7113.5
SOLAR_FLAMES,4,5.0,5,7,-11013.5,2838.0,-3578.0,-11753.5
SOLAR_FLAMES,4,5.0,5,10,-11082.0,604.0,-5482.0,-15960.0
SOLAR_FLAMES,4,5.0,10,3,-5270.5,2043.0,1634.0,-1593.5
SOLAR_FLAMES,4,5.0,10,5,-9106.5,2815.0,-822.0,-7113.5
SOLAR_FLAMES,4,5.0,10,7,-11013.5,2838.0,-3578.0,-11753.5
SOLAR_FLAMES,4,5.0,10,10,-11082.0,604.0,-5482.0,-15960.0
SOLAR_FLAMES,5,0.0,5,3,-4001.5,3641.0,2863.0,2502.5
SOLAR_FLAMES,5,0.0,5,5,-7606.5,4671.0,635.0,-2300.5
SOLAR_FLAMES,5,0.0,5,7,-9393.5,5039.0,-1799.0,-6153.5
SOLAR_FLAMES,5,0.0,5,10,-9299.0,2931.0,-3543.0,-9911.0
SOLAR_FLAMES,5,0.0,10,3,-4001.5,3641.0,2863.0,2502.5
SOLAR_FLAMES,5,0.0,10,5,-7606.5,4671.0,635.0,-2300.5
SOLAR_FLAMES,5,0.0,10,7,-9393.5,5039.0,-1799.0,-6153.5
SOLAR_FLAMES,5,0.0,10,10,-9299.0,2931.0,-3543.0,-9911.0
SOLAR_FLAMES,5,0.5,5,3,-4227.5,3333.0,2629.0,1734.5
SOLAR_FLAMES,5,0.5,5,5,-7854.5,4314.0,314.0,-3226.5
SOLAR_FLAMES,5,0.5,5,7,-9766.5,4535.0,-2196.0,-7427.5
SOLAR_FLAMES,5,0.5,5,10,-9846.0,2303.0,-4169.0,-11712.0
SOLAR_FLAMES,5,0.5,10,3,-4227.5,3333.0,2629.0,1734.5
SOLAR_FLAMES,5,0.5,10,5,-7854.5,4314.0,314.0,-3226.5
SOLAR_FLAMES,5,0.5,10,7,-9766.5,4535.0,-2196.0,-7427.5
SOLAR_FLAMES,5,0.5,10,10,-9846.0,2303.0,-4169.0,-11712.0
SOLAR_FLAMES,5,1.0,5,3,-4446.5,3064.0,2394.0,1011.5
SOLAR_FLAMES,5,1.0,5,5,-8249.5,3826.0,-55.0,-4478.5
SOLAR_FLAMES,5,1.0,5,7,-10245.5,3934.0,-2766.0,-9077.5
SOLAR_FLAMES,5,1.0,5,10,-10538.0,1452.0,-4923.0,-14009.0
SOLAR_FLAMES,5,1.0,10,3,-4446.5,3064.0,2394.0,1011.5
SOLAR_FLAMES,5,1.0,10,5,-8249.5,3826.0,-55.0,-4478.5
SOLAR_FLAMES,5,1.0,10,7,-10245.5,3934.0,-2766.0,-9077.5
SOLAR_FLAMES,5,1.0,10,10,-10538.0,1452.0,-4923.0,-14009.0
SOLAR_FLAMES,5,1.5,5,3,-4692.5,2732.0,2116.0,155.5
SOLAR_FLAMES,5,1.5,5,5,-8598.5,3339.0,-437.0,-5696.5
SOLAR_FLAMES,5,1.5,5,7,-10650.5,3431.0,-3050.0,-10269.5
SOLAR_FLAMES,5,1.5,5,10,-10546.0,1350.0,-4883.0,-14079.0
SOLAR_FLAMES,5,1.5,10,3,-4692.5,2732.0,2116.0,155.5
SOLAR_FLAMES,5,1.5,10,5,-8598.5,3339.0,-437.0,-5696.5
SOLAR_FLAMES,5,1.5,10,7,-10650.5,3431.0,-3050.0,-10269.5
SOLAR_FLAMES,5,1.5,10,10,-10546.0,1350.0,-4883.0,-14079.0
SOLAR_FLAMES,5,2.0,5,3,-4985.5,2424.0,1858.0,-703.5
SOLAR_FLAMES,5,2.0,5,5,-8933.5,2875.0,-808.0,-6866.5
SOLAR_FLAMES,5,2.0,5,7,-10506.5,3470.0,-3012.0,-10048.5
SOLAR_FLAMES,5,2.0,5,10,-10742.0,1180.0,-5080.0,-14642.0
SOLAR_FLAMES,5,2.0,10,3,-4985.5,2424.0,1858.0,-703.5
SOLAR_FLAMES,5,2.0,10,5,-8933.5,2875.0,-808.0,-6866.5
SOLAR_FLAMES,5,2.0,10,7,-10506.5,3470.0,-3012.0,-10048.5
SOLAR_FLAMES,5,2.0,10,10,-10742.0,1180.0,-5080.0,-14642.0
SOLAR_FLAMES,5,3.0,5,3,-5469.5,1793.0,1329.0,-2347.5
SOLAR_FLAMES,5,3.0,5,5,-8728.5,3082.0,-540.0,-6186.5
SOLAR_FLAMES,5,3.0,5,7,-10750.5,3188.0,-3174.0,-10736.5
SOLAR_FLAMES,5,3.0,5,10,-10996.0,850.0,-5247.0,-15393.0
SOLAR_FLAMES,5,3.0,10,3,-5469.5,1793.0,1329.0,-2347.5
SOLAR_FLAMES,5,3.0,10,5,-8728.5,3082.0,-540.0,-6186.5
SOLAR_FLAMES,5,3.0,10,7,-10750.5,3188.0,-3174.0,-10736.5
SOLAR_FLAMES,5,3.0,10,10,-10996.0,850.0,-5247.0,-15393.0
SOLAR_FLAMES,5,5.0,5,3,-5298.5,2016.0,1538.0,-1744.5
SOLAR_FLAMES,5,5.0,5,5,-8906.5,2933.0,-773.0,-6746.5
SOLAR_FLAMES,5,5.0,5,7,-10887.5,2879.0,-3411.0,-11419.5
SOLAR_FLAMES,5,5.0,5,10,-11039.0,732.0,-5396.0,-15703.0
SOLAR_FLAMES,5,5.0,10,3,-5298.5,2016.0,1538.0,-1744.5
SOLAR_FLAMES,5,5.0,10,5,-8906.5,2933.0,-773.0,-6746.5
SOLAR_FLAMES,5,5.0,10,7,-10887.5,2879.0,-3411.0,-11419.5
SOLAR_FLAMES,5,5.0,10,10,-11039.0,732.0,-5396.0,-15703.0
SOLAR_FLAMES,6,0.0,5,3,-3664.5,4023.0,3178.0,3536.5
SOLAR_FLAMES,6,0.0,5,5,-7231.5,5142.0,1003.0,-1086.5
SOLAR_FLAMES,6,0.0,5,7,-8999.5,5555.0,-1393.0,-4837.5
SOLAR_FLAMES,6,0.0,5,10,-8886.0,3474.0,-3105.0,-8517.0
SOLAR_FLAMES,6,0.0,10,3,-3664.5,4023.0,3178.0,3536.5
SOLAR_FLAMES,6,0.0,10,5,-7231.5,5142.0,1003.0,-1086.5
SOLAR_FLAMES,6,0.0,10,7,-8999.5,5555.0,-1393.0,-4837.5
SOLAR_FLAMES,6,0.0,10,10,-8886.0,3474.0,-3105.0,-8517.0
SOLAR_FLAMES,6,0.5,5,3,-3879.5,3753.0,2935.0,2808.5
SOLAR_FLAMES,6,0.5,5,5,-7576.5,4676.0,643.0,-2257.5
SOLAR_FLAMES,6,0.5,5,7,-9442.5,4993.0,-1940.0,-6389.5
SOLAR_FLAMES,6,0.5,5,10,-9567.0,2674.0,-3867.0,-10760.0
SOLAR_FLAMES,6,0.5,10,3,-3879.5,3753.0,2935.0,2808.5
SOLAR_FLAMES,6,0.5,10,5,-7576.5,4676.0,643.0,-2257.5
SOLAR_FLAMES,6,0.5,10,7,-9442.5,4993.0,-1940.0,-6389.5
SOLAR_FLAMES,6,0.5,10,10,-9567.0,2674.0,-3867.0,-10760.0
SOLAR_FLAMES,6,1.0,5,3,-4151.5,3413.0,2662.0,1923.5
SOLAR_FLAMES,6,1.0,5,5,-7937.5,4196.0,231.0,-3510.5
SOLAR_FLAMES,6,1.0,5,7,-10008.5,4306.0,-2500.0,-8202.5
SOLAR_FLAMES,6,1.0,5,10,-10272.0,1813.0,-4689.0,-13148.0
SOLAR_FLAMES,6,1.0,10,3,-4151.5,3413.0,2662.0,1923.5
SOLAR_FLAMES,6,1.0,10,5,-7937.5,4196.0,231.0,-3510.5
SOLAR_FLAMES,6,1.0,10,7,-10008.5,4306.0,-2500.0,-8202.5
SOLAR_FLAMES,6,1.0,10,10,-10272.0,1813.0,-4689.0,-13148.0
SOLAR_FLAMES,6,1.5,5,3,-4421.5,3101.0,2404.0,1083.5
SOLAR_FLAMES,6,1.5,5,5,-8341.5,3706.0,-185.0,-4820.5
SOLAR_FLAMES,6,1.5,5,7,-10500.5,3657.0,-3058.0,-9901.5
SOLAR_FLAMES,6,1.5,5,10,-10301.0,1574.0,-4739.0,-13466.0
SOLAR_FLAMES,6,1.5,10,3,-4421.5,3101.0,2404.0,1083.5
SOLAR_FLAMES,6,1.5,10,5,-8341.5,3706.0,-185.0,-4820.5
SOLAR_FLAMES,6,1.5,10,7,-10500.5,3657.0,-3058.0,-9901.5
SOLAR_FLAMES,6,1.5,10,10,-10301.0,1574.0,-4739.0,-13466.0
SOLAR_FLAMES,6,2.0,5,3,-4667.5,2752.0,2121.0,205.5
SOLAR_FLAMES,6,2.0,5,5,-8687.5,3205.0,-572.0,-6054.5
SOLAR_FLAMES,6,2.0,5,7,-10357.5,3723.0,-2849.0,-9483.5
SOLAR_FLAMES,6,2.0,5,10,-10618.0,1329.0,-4935.0,-14224.0
SOLAR_FLAMES,6,2.0,10,3,-4667.5,2752.0,2121.0,205.5
SOLAR_FLAMES,6,2.0,10,5,-8687.5,3205.0,-572.0,-6054.5
SOLAR_FLAMES,6,2.0,10,7,-10357.5,3723.0,-2849.0,-9483.5
SOLAR_FLAMES,6,2.0,10,10,-10618.0,1329.0,-4935.0,-14224.0
SOLAR_FLAMES,6,3.0,5,3,-5181.5,2128.0,1592.0,-1461.5
SOLAR_FLAMES,6,3.0,5,5,-8585.5,3269.0,-364.0,-5680.5
SOLAR_FLAMES,6,3.0,5,7,-10660.5,3384.0,-3090.0,-10366.5
SOLAR_FLAMES,6,3.0,5,10,-10885.0,1070.0,-5204.0,-15019.0
SOLAR_FLAMES,6,3.0,10,3,-5181.5,2128.0,1592.0,-1461.5
SOLAR_FLAMES,6,3.0,10,5,-8585.5,3269.0,-364.0,-5680.5
SOLAR_FLAMES,6,3.0,10,7,-10660.5,3384.0,-3090.0,-10366.5
SOLAR_FLAMES,6,3.0,10,10,-10885.0,1070.0,-5204.0,-15019.0
SOLAR_FLAMES,6,5.0,5,3,-5126.5,2212.0,1678.0,-1236.5
SOLAR_FLAMES,6,5.0,5,5,-8771.5,3069.0,-641.0,-6343.5
SOLAR_FLAMES,6,5.0,5,7,-10824.5,3043.0,-3326.0,-11107.5
SOLAR_FLAMES,6,5.0,5,10,-10966.0,837.0,-5350.0,-15479.0
SOLAR_FLAMES,6,5.0,10,3,-5126.5,2212.0,1678.0,-1236.5
SOLAR_FLAMES,6,5.0,10,5,-8771.5,3069.0,-641.0,-6343.5
SOLAR_FLAMES,6,5.0,10,7,-10824.5,3043.0,-3326.0,-11107.5
SOLAR_FLAMES,6,5.0,10,10,-10966.0,837.0,-5350.0,-15479.0
SOLAR_FLAMES,7,0.0,5,3,-3595.5,4143.0,3195.0,3742.5
SOLAR_FLAMES,7,0.0,5,5,-7157.5,5282.0,1025.0,-850.5
SOLAR_FLAMES,7,0.0,5,7,-8918.5,5704.0,-1369.0,-4583.5
SOLAR_FLAMES,7,0.0,5,10,-8796.0,3638.0,-3079.0,-8237.0
SOLAR_FLAMES,7,0.0,10,3,-3595.5,4143.0,3195.0,3742.5
SOLAR_FLAMES,7,0.0,10,5,-7157.5,5282.0,1025.0,-850.5
SOLAR_FLAMES,7,0.0,10,7,-8918.5,5704.0,-1369.0,-4583.5
SOLAR_FLAMES,7,0.0,10,10,-8796.0,3638.0,-3079.0,-8237.0
SOLAR_FLAMES,7,0.5,5,3,-3688.5,4000.0,3140.0,3451.5
SOLAR_FLAMES,7,0.5,5,5,-7338.5,5019.0,835.0,-1484.5
SOLAR_FLAMES,7,0.5,5,7,-9263.5,5275.0,-1700.0,-5688.5
SOLAR_FLAMES,7,0.5,5,10,-9316.0,3031.0,-3643.0,-9928.0
SOLAR_FLAMES,7,0.5,10,3,-3688.5,4000.0,3140.0,3451.5
SOLAR_FLAMES,7,0.5,10,5,-7338.5,5019.0,835.0,-1484.5
SOLAR_FLAMES,7,0.5,10,7,-9263.5,5275.0,-1700.0,-5688.5
SOLAR_FLAMES,7,0.5,10,10,-9316.0,3031.0,-3643.0,-9928.0
SOLAR_FLAMES,7,1.0,5,3,-3903.5,3732.0,2903.0,2731.5
SOLAR_FLAMES,7,1.0,5,5,-7725.5,4518.0,466.0,-2741.5
SOLAR_FLAMES,7,1.0,5,7,-9751.5,4652.0,-2269.0,-7368.5
SOLAR_FLAMES,7,1.0,5,10,-10053.0,2165.0,-4423.0,-12311.0
SOLAR_FLAMES,7,1.0,10,3,-3903.5,3732.0,2903.0,2731.5
SOLAR_FLAMES,7,1.0,10,5,-7725.5,4518.0,466.0,-2741.5
SOLAR_FLAMES,7,1.0,10,7,-9751.5,4652.0,-2269.0,-7368.5
SOLAR_FLAMES,7,1.0,10,10,-10053.0,2165.0,-4423.0,-12311.0
SOLAR_FLAMES,7,1.5,5,3,-4147.5,3401.0,2632.0,1885.5
SOLAR_FLAMES,7,1.5,5,5,-8106.5,3990.0,76.0,-4040.5
SOLAR_FLAMES,7,1.5,5,7,-10251.5,4036.0,-2838.0,-9053.5
SOLAR_FLAMES,7,1.5,5,10,-10208.0,1766.0,-4582.0,-13024.0
SOLAR_FLAMES,7,1.5,10,3,-4147.5,3401.0,2632.0,1885.5
SOLAR_FLAMES,7,1.5,10,5,-8106.5,3990.0,76.0,-4040.5
SOLAR_FLAMES,7,1.5,10,7,-10251.5,4036.0,-2838.0,-9053.5
SOLAR_FLAMES,7,1.5,10,10,-10208.0,1766.0,-4582.0,-13024.0
SOLAR_FLAMES,7,2.0,5,3,-4429.5,3092.0,2374.0,1036.5
SOLAR_FLAMES,7,2.0,5,5,-8474.5,3531.0,-322.0,-5265.5
SOLAR_FLAMES,7,2.0,5,7,-10285.5,3944.0,-2777.0,-9118.5
SOLAR_FLAMES,7,2.0,5,10,-10504.0,1477.0,-4873.0,-13900.0
SOLAR_FLAMES,7,2.0,10,3,-4429.5,3092.0,2374.0,1036.5
SOLAR_FLAMES,7,2.0,10,5,-8474.5,3531.0,-322.0,-5265.5
SOLAR_FLAMES,7,2.0,10,7,-10285.5,3944.0,-2777.0,-9118.5
SOLAR_FLAMES,7,2.0,10,10,-10504.0,1477.0,-4873.0,-13900.0
SOLAR_FLAMES,7,3.0,5,3,-4941.5,2441.0,1839.0,-661.5
SOLAR_FLAMES,7,3.0,5,5,-8537.5,3373.0,-325.0,-5489.5
SOLAR_FLAMES,7,3.0,5,7,-10443.5,3562.0,-3012.0,-9893.5
SOLAR_FLAMES,7,3.0,5,10,-10799.0,1113.0,-5196.0,-14882.0
SOLAR_FLAMES,7,3.0,10,3,-4941.5,2441.0,1839.0,-661.5
SOLAR_FLAMES,7,3.0,10,5,-8537.5,3373.0,-325.0,-5489.5
SOLAR_FLAMES,7,3.0,10,7,-10443.5,3562.0,-3012.0,-9893.5
SOLAR_FLAMES,7,3.0,10,10,-10799.0,1113.0,-5196.0,-14882.0
SOLAR_FLAMES,7,5.0,5,3,-4999.5,2386.0,1811.0,-802.5
SOLAR_FLAMES,7,5.0,5,5,-8705.5,3193.0,-558.0,-6070.5
SOLAR_FLAMES,7,5.0,5,7,-10758.5,3145.0,-3271.0,-10884.5
SOLAR_FLAMES,7,5.0,5,10,-10930.0,916.0,-5314.0,-15328.0
SOLAR_FLAMES,7,5.0,10,3,-4999.5,2386.0,1811.0,-802.5
SOLAR_FLAMES,7,5.0,10,5,-8705.5,3193.0,-558.0,-6070.5
SOLAR_FLAMES,7,5.0,10,7,-10758.5,3145.0,-3271.0,-10884.5
SOLAR_FLAMES,7,5.0,10,10,-10930.0,916.0,-5314.0,-15328.0
SOLAR_FLAMES,8,0.0,5,3,-3595.5,4143.0,3195.0,3742.5
SOLAR_FLAMES,8,0.0,5,5,-7157.5,5282.0,1025.0,-850.5
SOLAR_FLAMES,8,0.0,5,7,-8918.5,5704.0,-1369.0,-4583.5
SOLAR_FLAMES,8,0.0,5,10,-8796.0,3638.0,-3079.0,-8237.0
SOLAR_FLAMES,8,0.0,10,3,-3595.5,4143.0,3195.0,3742.5
SOLAR_FLAMES,8,0.0,10,5,-7157.5,5282.0,1025.0,-850.5
SOLAR_FLAMES,8,0.0,10,7,-8918.5,5704.0,-1369.0,-4583.5
SOLAR_FLAMES,8,0.0,10,10,-8796.0,3638.0,-3079.0,-8237.0
SOLAR_FLAMES,8,0.5,5,3,-3595.5,4138.0,3195.0,3737.5
SOLAR_FLAMES,8,0.5,5,5,-7222.5,5194.0,984.0,-1044.5
SOLAR_FLAMES,8,0.5,5,7,-9060.5,5532.0,-1537.0,-5065.5
SOLAR_FLAMES,8,0.5,5,10,-9134.0,3250.0,-3419.0,-9303.0
SOLAR_FLAMES,8,0.5,10,3,-3595.5,4138.0,3195.0,3737.5
SOLAR_FLAMES,8,0.5,10,5,-7222.5,5194.0,984.0,-1044.5
SOLAR_FLAMES,8,0.5,10,7,-9060.5,5532.0,-1537.0,-5065.5
SOLAR_FLAMES,8,0.5,10,10,-9134.0,3250.0,-3419.0,-9303.0
SOLAR_FLAMES,8,1.0,5,3,-3739.5,3936.0,3078.0,3274.5
SOLAR_FLAMES,8,1.0,5,5,-7514.5,4791.0,652.0,-2071.5
SOLAR_FLAMES,8,1.0,5,7,-9557.5,4931.0,-2042.0,-6668.5
SOLAR_FLAMES,8,1.0,5,10,-9832.0,2435.0,-4202.0,-11599.0
SOLAR_FLAMES,8,1.0,10,3,-3739.5,3936.0,3078.0,3274.5
SOLAR_FLAMES,8,1.0,10,5,-7514.5,4791.0,652.0,-2071.5
SOLAR_FLAMES,8,1.0,10,7,-9557.5,4931.0,-2042.0,-6668.5
SOLAR_FLAMES,8,1.0,10,10,-9832.0,2435.0,-4202.0,-11599.0
SOLAR_FLAMES,8,1.5,5,3,-3962.5,3674.0,2855.0,2566.5
SOLAR_FLAMES,8,1.5,5,5,-7877.5,4323.0,270.0,-3284.5
SOLAR_FLAMES,8,1.5,5,7,-10052.5,4305.0,-2592.0,-8339.5
SOLAR_FLAMES,8,1.5,5,10,-10103.0,1916.0,-4473.0,-12660.0
SOLAR_FLAMES,8,1.5,10,3,-3962.5,3674.0,2855.0,2566.5
SOLAR_FLAMES,8,1.5,10,5,-7877.5,4323.0,270.0,-3284.5
SOLAR_FLAMES,8,1.5,10,7,-10052.5,4305.0,-2592.0,-8339.5
SOLAR_FLAMES,8,1.5,10,10,-10103.0,1916.0,-4473.0,-12660.0
SOLAR_FLAMES,8,2.0,5,3,-4189.5,3358.0,2596.0,1764.5
SOLAR_FLAMES,8,2.0,5,5,-8237.5,3815.0,-104.0,-4526.5
SOLAR_FLAMES,8,2.0,5,7,-10179.5,4068.0,-2647.0,-8758.5
SOLAR_FLAMES,8,2.0,5,10,-10416.0,1659.0,-4775.0,-13532.0
SOLAR_FLAMES,8,2.0,10,3,-4189.5,3358.0,2596.0,1764.5
SOLAR_FLAMES,8,2.0,10,5,-8237.5,3815.0,-104.0,-4526.5
SOLAR_FLAMES,8,2.0,10,7,-10179.5,4068.0,-2647.0,-8758.5
SOLAR_FLAMES,8,2.0,10,10,-10416.0,1659.0,-4775.0,-13532.0
SOLAR_FLAMES,8,3.0,5,3,-4729.5,2706.0,2064.0,40.5
SOLAR_FLAMES,8,3.0,5,5,-8364.5,3577.0,-179.0,-4966.5
SOLAR_FLAMES,8,3.0,5,7,-10356.5,3756.0,-2906.0,-9506.5
SOLAR_FLAMES,8,3.0,5,10,-10705.0,1223.0,-5113.0,-14595.0
SOLAR_FLAMES,8,3.0,10,3,-4729.5,2706.0,2064.0,40.5
SOLAR_FLAMES,8,3.0,10,5,-8364.5,3577.0,-179.0,-4966.5
SOLAR_FLAMES,8,3.0,10,7,-10356.5,3756.0,-2906.0,-9506.5
SOLAR_FLAMES,8,3.0,10,10,-10705.0,1223.0,-5113.0,-14595.0
SOLAR_FLAMES,8,5.0,5,3,-4898.5,2521.0,1918.0,-459.5
SOLAR_FLAMES,8,5.0,5,5,-8596.5,3270.0,-476.0,-5802.5
SOLAR_FLAMES,8,5.0,5,7,-10709.5,3270.0,-3235.0,-10674.5
SOLAR_FLAMES,8,5.0,5,10,-10889.0,973.0,-5284.0,-15200.0
SOLAR_FLAMES,8,5.0,10,3,-4898.5,2521.0,1918.0,-459.5
SOLAR_FLAMES,8,5.0,10,5,-8596.5,3270.0,-476.0,-5802.5
SOLAR_FLAMES,8,5.0,10,7,-10709.5,3270.0,-3235.0,-10674.5
SOLAR_FLAMES,8,5.0,10,10,-10889.0,973.0,-5284.0,-15200.0
SOLAR_WINDS,4,0.0,5,3,-1774.5,4670.0,8813.5,11709.0
SOLAR_WINDS,4,0.0,5,5,-4546.5,5349.0,9988.0,10790.5
SOLAR_WINDS,4,0.0,5,7,-7064.5,6100.0,9279.0,8314.5
SOLAR_WINDS,4,0.0,5,10,-10017.0,7480.0,8709.5,6172.5
SOLAR_WINDS,4,0.0,10,3,-1774.5,4670.0,8813.5,11709.0
SOLAR_WINDS,4,0.0,10,5,-4546.5,5349.0,9988.0,10790.5
SOLAR_WINDS,4,0.0,10,7,-7064.5,6100.0,9279.0,8314.5
SOLAR_WINDS,4,0.0,10,10,-10017.0,7480.0,8709.5,6172.5
SOLAR_WINDS,4,0.5,5,3,-2009.5,4372.0,8577.5,10940.0
SOLAR_WINDS,4,0.5,5,5,-4815.5,4983.0,9716.0,9883.5
SOLAR_WINDS,4,0.5,5,7,-7421.5,5654.0,8930.0,7162.5
SOLAR_WINDS,4,0.5,5,10,-10543.0,6869.0,8243.5,4569.5
SOLAR_WINDS,4,0.5,10,3,-2009.5,4372.0,8577.5,10940.0
SOLAR_WINDS,4,0.5,10,5,-4815.5,4983.0,9716.0,9883.5
SOLAR_WINDS,4,0.5,10,7,-7421.5,5654.0,8930.0,7162.5
SOLAR_WINDS,4,0.5,10,10,-10543.0,6869.0,8243.5,4569.5
SOLAR_WINDS,4,1.0,5,3,-2215.5,4094.0,8366.5,10245.0
SOLAR_WINDS,4,1.0,5,5,-5161.5,4511.0,9375.0,8724.5
SOLAR_WINDS,4,1.0,5,7,-7891.5,5046.0,8465.0,5619.5
SOLAR_WINDS,4,1.0,5,10,-10847.0,6377.0,7875.5,3405.5
SOLAR_WINDS,4,1.0,10,3,-2215.5,4094.0,8366.5,10245.0
SOLAR_WINDS,4,1.0,10,5,-5161.5,4511.0,9375.0,8724.5
SOLAR_WINDS,4,1.0,10,7,-7891.5,5046.0,8465.0,5619.5
SOLAR_WINDS,4,1.0,10,10,-10847.0,6377.0,7875.5,3405.5
SOLAR_WINDS,4,1.5,5,3,-2495.5,3826.0,8122.5,9453.0
SOLAR_WINDS,4,1.5,5,5,-5512.5,4070.0,8991.0,7548.5
SOLAR_WINDS,4,1.5,5,7,-7881.5,4982.0,8470.0,5570.5
SOLAR_WINDS,4,1.5,5,10,-11136.0,6230.0,7638.5,2732.5
SOLAR_WINDS,4,1.5,10,3,-2495.5,3826.0,8122.5,9453.0
SOLAR_WINDS,4,1.5,10,5,-5512.5,4070.0,8991.0,7548.5
SOLAR_WINDS,4,1.5,10,7,-7881.5,4982.0,8470.0,5570.5
SOLAR_WINDS,4,1.5,10,10,-11136.0,6230.0,7638.5,2732.5
SOLAR_WINDS,4,2.0,5,3,-2721.5,3502.0,7861.5,8642.0
SOLAR_WINDS,4,2.0,5,5,-5356.5,4247.0,9204.0,8094.5
SOLAR_WINDS,4,2.0,5,7,-7964.5,4786.0,8394.0,5215.5
SOLAR_WINDS,4,2.0,5,10,-11258.0,5960.0,7462.5,2164.5
SOLAR_WINDS,4,2.0,10,3,-2721.5,3502.0,7861.5,8642.0
SOLAR_WINDS,4,2.0,10,5,-5356.5,4247.0,9204.0,8094.5
SOLAR_WINDS,4,2.0,10,7,-7964.5,4786.0,8394.0,5215.5
SOLAR_WINDS,4,2.0,10,10,-11258.0,5960.0,7462.5,2164.5
SOLAR_WINDS,4,3.0,5,3,-2954.5,3110.0,7365.5,7521.0
SOLAR_WINDS,4,3.0,5,5,-5414.5,4091.0,9037.0,7713.5
SOLAR_WINDS,4,3.0,5,7,-8200.5,4559.0,8228.0,4586.5
SOLAR_WINDS,4,3.0,5,10,-11355.0,5781.0,7358.5,1784.5
SOLAR_WINDS,4,3.0,10,3,-2954.5,3110.0,7365.5,7521.0
SOLAR_WINDS,4,3.0,10,5,-5414.5,4091.0,9037.0,7713.5
SOLAR_WINDS,4,3.0,10,7,-8200.5,4559.0,8228.0,4586.5
SOLAR_WINDS,4,3.0,10,10,-11355.0,5781.0,7358.5,1784.5
SOLAR_WINDS,4,5.0,5,3,-2677.5,3496.0,7887.5,8706.0
SOLAR_WINDS,4,5.0,5,5,-5690.5,4054.0,8903.0,7266.5
SOLAR_WINDS,4,5.0,5,7,-8371.5,4379.0,7923.0,3930.5
SOLAR_WINDS,4,5.0,5,10,-11427.0,5680.0,7215.5,1468.5
SOLAR_WINDS,4,5.0,10,3,-2677.5,3496.0,7887.5,8706.0
SOLAR_WINDS,4,5.0,10,5,-5690.5,4054.0,8903.0,7266.5
SOLAR_WINDS,4,5.0,10,7,-8371.5,4379.0,7923.0,3930.5
SOLAR_WINDS,4,5.0,10,10,-11427.0,5680.0,7215.5,1468.5
SOLAR_WINDS,5,0.0,5,3,-1457.5,5064.0,9159.5,12766.0
SOLAR_WINDS,5,0.0,5,5,-4178.5,5815.0,10382.0,12018.5
SOLAR_WINDS,5,0.0,5,7,-6677.5,6606.0,9704.0,9632.5
SOLAR_WINDS,5,0.0,5,10,-9609.0,8022.0,9166.5,7579.5
SOLAR_WINDS,5,0.0,10,3,-1457.5,5064.0,9159.5,12766.0
SOLAR_WINDS,5,0.0,10,5,-4178.5,5815.0,10382.0,12018.5
SOLAR_WINDS,5,0.0,10,7,-6677.5,6606.0,9704.0,9632.5
SOLAR_WINDS,5,0.0,10,10,-9609.0,8022.0,9166.5,7579.5
SOLAR_WINDS,5,0.5,5,3,-1661.5,4808.0,8946.5,12093.0
SOLAR_WINDS,5,0.5,5,5,-4491.5,5432.0,10076.0,11016.5
SOLAR_WINDS,5,0.5,5,7,-7106.5,6094.0,9307.0,8294.5
SOLAR_WINDS,5,0.5,5,10,-10250.0,7321.0,8542.5,5613.5
SOLAR_WINDS,5,0.5,10,3,-1661.5,4808.0,8946.5,12093.0
SOLAR_WINDS,5,0.5,10,5,-4491.5,5432.0,10076.0,11016.5
SOLAR_WINDS,5,0.5,10,7,-7106.5,6094.0,9307.0,8294.5
SOLAR_WINDS,5,0.5,10,10,-10250.0,7321.0,8542.5,5613.5
SOLAR_WINDS,5,1.0,5,3,-1932.5,4495.0,8684.5,11247.0
SOLAR_WINDS,5,1.0,5,5,-4879.5,4964.0,9686.0,9770.5
SOLAR_WINDS,5,1.0,5,7,-7635.5,5470.0,8723.0,6557.5
SOLAR_WINDS,5,1.0,5,10,-10794.0,6500.0,7784.5,3490.5
SOLAR_WINDS,5,1.0,10,3,-1932.5,4495.0,8684.5,11247.0
SOLAR_WINDS,5,1.0,10,5,-4879.5,4964.0,9686.0,9770.5
SOLAR_WINDS,5,1.0,10,7,-7635.5,5470.0,8723.0,6557.5
SOLAR_WINDS,5,1.0,10,10,-10794.0,6500.0,7784.5,3490.5
SOLAR_WINDS,5,1.5,5,3,-2170.5,4126.0,8425.5,10381.0
SOLAR_WINDS,5,1.5,5,5,-5250.5,4477.0,9310.0,8536.5
SOLAR_WINDS,5,1.5,5,7,-7757.5,5126.0,8409.0,5777.5
SOLAR_WINDS,5,1.5,5,10,-10948.0,6370.0,7820.5,3242.5
SOLAR_WINDS,5,1.5,10,3,-2170.5,4126.0,8425.5,10381.0
SOLAR_WINDS,5,1.5,10,5,-5250.5,4477.0,9310.0,8536.5
SOLAR_WINDS,5,1.5,10,7,-7757.5,5126.0,8409.0,5777.5
SOLAR_WINDS,5,1.5,10,10,-10948.0,6370.0,7820.5,3242.5
SOLAR_WINDS,5,2.0,5,3,-2462.5,3819.0,8159.5,9516.0
SOLAR_WINDS,5,2.0,5,5,-5438.5,4102.0,8925.0,7588.5
SOLAR_WINDS,5,2.0,5,7,-7805.5,5018.0,8455.0,5667.5
SOLAR_WINDS,5,2.0,5,10,-11147.0,6145.0,7654.5,2652.5
SOLAR_WINDS,5,2.0,10,3,-2462.5,3819.0,8159.5,9516.0
SOLAR_WINDS,5,2.0,10,5,-5438.5,4102.0,8925.0,7588.5
SOLAR_WINDS,5,2.0,10,7,-7805.5,5018.0,8455.0,5667.5
SOLAR_WINDS,5,2.0,10,10,-11147.0,6145.0,7654.5,2652.5
SOLAR_WINDS,5,3.0,5,3,-2967.5,3213.0,7618.5,7864.0
SOLAR_WINDS,5,3.0,5,5,-5354.5,4195.0,9201.0,8041.5
SOLAR_WINDS,5,3.0,5,7,-8099.5,4736.0,8325.0,4961.5
SOLAR_WINDS,5,3.0,5,10,-11316.0,5909.0,7463.5,2056.5
SOLAR_WINDS,5,3.0,10,3,-2967.5,3213.0,7618.5,7864.0
SOLAR_WINDS,5,3.0,10,5,-5354.5,4195.0,9201.0,8041.5
SOLAR_WINDS,5,3.0,10,7,-8099.5,4736.0,8325.0,4961.5
SOLAR_WINDS,5,3.0,10,10,-11316.0,5909.0,7463.5,2056.5
SOLAR_WINDS,5,5.0,5,3,-2589.5,3525.0,7830.5,8766.0
SOLAR_WINDS,5,5.0,5,5,-5552.5,4136.0,8960.0,7543.5
SOLAR_WINDS,5,5.0,5,7,-8225.5,4410.0,8092.0,4276.5
SOLAR_WINDS,5,5.0,5,10,-11347.0,5874.0,7301.5,1828.5
SOLAR_WINDS,5,5.0,10,3,-2589.5,3525.0,7830.5,8766.0
SOLAR_WINDS,5,5.0,10,5,-5552.5,4136.0,8960.0,7543.5
SOLAR_WINDS,5,5.0,10,7,-8225.5,4410.0,8092.0,4276.5
SOLAR_WINDS,5,5.0,10,10,-11347.0,5874.0,7301.5,1828.5
SOLAR_WINDS,6,0.0,5,3,-1267.5,5351.0,9475.5,13559.0
SOLAR_WINDS,6,0.0,5,5,-3973.5,6166.0,10761.0,12953.5
SOLAR_WINDS,6,0.0,5,7,-6458.5,6990.0,10124.0,10655.5
SOLAR_WINDS,6,0.0,5,10,-9377.0,8434.0,9608.5,8665.5
SOLAR_WINDS,6,0.0,10,3,-1267.5,5351.0,9475.5,13559.0
SOLAR_WINDS,6,0.0,10,5,-3973.5,6166.0,10761.0,12953.5
SOLAR_WINDS,6,0.0,10,7,-6458.5,6990.0,10124.0,10655.5
SOLAR_WINDS,6,0.0,10,10,-9377.0,8434.0,9608.5,8665.5
SOLAR_WINDS,6,0.5,5,3,-1418.5,5109.0,9223.5,12914.0
SOLAR_WINDS,6,0.5,5,5,-4227.5,5777.0,10392.0,11941.5
SOLAR_WINDS,6,0.5,5,7,-6858.5,6450.0,9568.0,9159.5
SOLAR_WINDS,6,0.5,5,10,-9986.0,7665.0,8843.5,6522.5
SOLAR_WINDS,6,0.5,10,3,-1418.5,5109.0,9223.5,12914.0
SOLAR_WINDS,6,0.5,10,5,-4227.5,5777.0,10392.0,11941.5
SOLAR_WINDS,6,0.5,10,7,-6858.5,6450.0,9568.0,9159.5
SOLAR_WINDS,6,0.5,10,10,-9986.0,7665.0,8843.5,6522.5
SOLAR_WINDS,6,1.0,5,3,-1644.5,4795.0,8968.5,12119.0
SOLAR_WINDS,6,1.0,5,5,-4609.5,5273.0,9989.0,10652.5
SOLAR_WINDS,6,1.0,5,7,-7383.5,5767.0,9012.0,7395.5
SOLAR_WINDS,6,1.0,5,10,-10740.0,6818.0,8017.5,4095.5
SOLAR_WINDS,6,1.0,10,3,-1644.5,4795.0,8968.5,12119.0
SOLAR_WINDS,6,1.0,10,5,-4609.5,5273.0,9989.0,10652.5
SOLAR_WINDS,6,1.0,10,7,-7383.5,5767.0,9012.0,7395.5
SOLAR_WINDS,6,1.0,10,10,-10740.0,6818.0,8017.5,4095.5
SOLAR_WINDS,6,1.5,5,3,-1928.5,4513.0,8690.5,11275.0
SOLAR_WINDS,6,1.5,5,5,-4996.5,4775.0,9567.0,9345.5
SOLAR_WINDS,6,1.5,5,7,-7856.5,5184.0,8456.0,5783.5
SOLAR_WINDS,6,1.5,5,10,-10744.0,6582.0,7968.5,3806.5
SOLAR_WINDS,6,1.5,10,3,-1928.5,4513.0,8690.5,11275.0
SOLAR_WINDS,6,1.5,10,5,-4996.5,4775.0,9567.0,9345.5
SOLAR_WINDS,6,1.5,10,7,-7856.5,5184.0,8456.0,5783.5
SOLAR_WINDS,6,1.5,10,10,-10744.0,6582.0,7968.5,3806.5
SOLAR_WINDS,6,2.0,5,3,-2169.5,4161.0,8415.5,10407.0
SOLAR_WINDS,6,2.0,5,5,-5362.5,4304.0,9178.0,8119.5
SOLAR_WINDS,6,2.0,5,7,-7738.5,5227.0,8623.0,6111.5
SOLAR_WINDS,6,2.0,5,10,-11015.0,6387.0,7759.5,3131.5
SOLAR_WINDS,6,2.0,10,3,-2169.5,4161.0,8415.5,10407.0
SOLAR_WINDS,6,2.0,10,5,-5362.5,4304.0,9178.0,8119.5
SOLAR_WINDS,6,2.0,10,7,-7738.5,5227.0,8623.0,6111.5
SOLAR_WINDS,6,2.0,10,10,-11015.0,6387.0,7759.5,3131.5
SOLAR_WINDS,6,3.0,5,3,-2674.5,3513.0,7897.5,8736.0
SOLAR_WINDS,6,3.0,5,5,-5225.5,4375.0,9344.0,8493.5
SOLAR_WINDS,6,3.0,5,7,-7996.5,4883.0,8439.0,5325.5
SOLAR_WINDS,6,3.0,5,10,-11257.0,6049.0,7514.5,2306.5
SOLAR_WINDS,6,3.0,10,3,-2674.5,3513.0,7897.5,8736.0
SOLAR_WINDS,6,3.0,10,5,-5225.5,4375.0,9344.0,8493.5
SOLAR_WINDS,6,3.0,10,7,-7996.5,4883.0,8439.0,5325.5
SOLAR_WINDS,6,3.0,10,10,-11257.0,6049.0,7514.5,2306.5
SOLAR_WINDS,6,5.0,5,3,-2625.5,3597.0,7970.5,8942.0
SOLAR_WINDS,6,5.0,5,5,-5428.5,4167.0,9098.0,7836.5
SOLAR_WINDS,6,5.0,5,7,-8154.5,4549.0,8187.0,4581.5
SOLAR_WINDS,6,5.0,5,10,-11316.0,5911.0,7341.5,1936.5
SOLAR_WINDS,6,5.0,10,3,-2625.5,3597.0,7970.5,8942.0
SOLAR_WINDS,6,5.0,10,5,-5428.5,4167.0,9098.0,7836.5
SOLAR_WINDS,6,5.0,10,7,-8154.5,4549.0,8187.0,4581.5
SOLAR_WINDS,6,5.0,10,10,-11316.0,5911.0,7341.5,1936.5
SOLAR_WINDS,7,0.0,5,3,-1267.5,5359.0,9507.5,13599.0
SOLAR_WINDS,7,0.0,5,5,-3973.5,6177.0,10796.0,12999.5
SOLAR_WINDS,7,0.0,5,7,-6458.5,7002.0,10160.0,10703.5
SOLAR_WINDS,7,0.0,5,10,-9377.0,8446.0,9650.5,8719.5
SOLAR_WINDS,7,0.0,10,3,-1267.5,5359.0,9507.5,13599.0
SOLAR_WINDS,7,0.0,10,5,-3973.5,6177.0,10796.0,12999.5
SOLAR_WINDS,7,0.0,10,7,-6458.5,7002.0,10160.0,10703.5
SOLAR_WINDS,7,0.0,10,10,-9377.0,8446.0,9650.5,8719.5
SOLAR_WINDS,7,0.5,5,3,-1280.5,5324.0,9434.5,13478.0
SOLAR_WINDS,7,0.5,5,5,-4078.5,6007.0,10594.0,12522.5
SOLAR_WINDS,7,0.5,5,7,-6663.5,6719.0,9828.0,9883.5
SOLAR_WINDS,7,0.5,5,10,-9781.0,7959.0,9067.5,7245.5
SOLAR_WINDS,7,0.5,10,3,-1280.5,5324.0,9434.5,13478.0
SOLAR_WINDS,7,0.5,10,5,-4078.5,6007.0,10594.0,12522.5
SOLAR_WINDS,7,0.5,10,7,-6663.5,6719.0,9828.0,9883.5
SOLAR_WINDS,7,0.5,10,10,-9781.0,7959.0,9067.5,7245.5
SOLAR_WINDS,7,1.0,5,3,-1482.5,5077.0,9191.5,12786.0
SOLAR_WINDS,7,1.0,5,5,-4405.5,5579.0,10206.0,11379.5
SOLAR_WINDS,7,1.0,5,7,-7170.5,6112.0,9238.0,8179.5
SOLAR_WINDS,7,1.0,5,10,-10469.0,7097.0,8295.5,4923.5
SOLAR_WINDS,7,1.0,10,3,-1482.5,5077.0,9191.5,12786.0
SOLAR_WINDS,7,1.0,10,5,-4405.5,5579.0,10206.0,11379.5
SOLAR_WINDS,7,1.0,10,7,-7170.5,6112.0,9238.0,8179.5
SOLAR_WINDS,7,1.0,10,10,-10469.0,7097.0,8295.5,4923.5
SOLAR_WINDS,7,1.5,5,3,-1676.5,4753.0,8935.5,12012.0
SOLAR_WINDS,7,1.5,5,5,-4780.5,5098.0,9820.0,10137.5
SOLAR_WINDS,7,1.5,5,7,-7660.5,5470.0,8672.0,6481.5
SOLAR_WINDS,7,1.5,5,10,-10591.0,6781.0,8116.5,4306.5
SOLAR_WINDS,7,1.5,10,3,-1676.5,4753.0,8935.5,12012.0
SOLAR_WINDS,7,1.5,10,5,-4780.5,5098.0,9820.0,10137.5
SOLAR_WINDS,7,1.5,10,7,-7660.5,5470.0,8672.0,6481.5
SOLAR_WINDS,7,1.5,10,10,-10591.0,6781.0,8116.5,4306.5
SOLAR_WINDS,7,2.0,5,3,-1956.5,4447.0,8669.5,11160.0
SOLAR_WINDS,7,2.0,5,5,-5138.5,4598.0,9425.0,8884.5
SOLAR_WINDS,7,2.0,5,7,-7624.5,5402.0,8715.0,6492.5
SOLAR_WINDS,7,2.0,5,10,-10934.0,6541.0,7814.5,3421.5
SOLAR_WINDS,7,2.0,10,3,-1956.5,4447.0,8669.5,11160.0
SOLAR_WINDS,7,2.0,10,5,-5138.5,4598.0,9425.0,8884.5
SOLAR_WINDS,7,2.0,10,7,-7624.5,5402.0,8715.0,6492.5
SOLAR_WINDS,7,2.0,10,10,-10934.0,6541.0,7814.5,3421.5
SOLAR_WINDS,7,3.0,5,3,-2483.5,3826.0,8116.5,9459.0
SOLAR_WINDS,7,3.0,5,5,-5093.5,4469.0,9420.0,8795.5
SOLAR_WINDS,7,3.0,5,7,-7861.5,5117.0,8493.0,5748.5
SOLAR_WINDS,7,3.0,5,10,-11162.0,6144.0,7538.5,2520.5
SOLAR_WINDS,7,3.0,10,3,-2483.5,3826.0,8116.5,9459.0
SOLAR_WINDS,7,3.0,10,5,-5093.5,4469.0,9420.0,8795.5
SOLAR_WINDS,7,3.0,10,7,-7861.5,5117.0,8493.0,5748.5
SOLAR_WINDS,7,3.0,10,10,-11162.0,6144.0,7538.5,2520.5
SOLAR_WINDS,7,5.0,5,3,-2521.5,3768.0,8092.5,9339.0
SOLAR_WINDS,7,5.0,5,5,-5342.5,4273.0,9181.0,8111.5
SOLAR_WINDS,7,5.0,5,7,-8101.5,4688.0,8241.0,4827.5
SOLAR_WINDS,7,5.0,5,10,-11273.0,5972.0,7383.5,2082.5
SOLAR_WINDS,7,5.0,10,3,-2521.5,3768.0,8092.5,9339.0
SOLAR_WINDS,7,5.0,10,5,-5342.5,4273.0,9181.0,8111.5
SOLAR_WINDS,7,5.0,10,7,-8101.5,4688.0,8241.0,4827.5
SOLAR_WINDS,7,5.0,10,10,-11273.0,5972.0,7383.5,2082.5
SOLAR_WINDS,8,0.0,5,3,-1267.5,5359.0,9507.5,13599.0
SOLAR_WINDS,8,0.0,5,5,-3973.5,6177.0,10796.0,12999.5
SOLAR_WINDS,8,0.0,5,7,-6458.5,7002.0,10160.0,10703.5
SOLAR_WINDS,8,0.0,5,10,-9377.0,8446.0,9650.5,8719.5
SOLAR_WINDS,8,0.0,10,3,-1267.5,5359.0,9507.5,13599.0
SOLAR_WINDS,8,0.0,10,5,-3973.5,6177.0,10796.0,12999.5
SOLAR_WINDS,8,0.0,10,7,-6458.5,7002.0,10160.0,10703.5
SOLAR_WINDS,8,0.0,10,10,-9377.0,8446.0,9650.5,8719.5
SOLAR_WINDS,8,0.5,5,3,-1267.5,5359.0,9507.5,13599.0
SOLAR_WINDS,8,0.5,5,5,-3980.5,6151.0,10742.0,12912.5
SOLAR_WINDS,8,0.5,5,7,-6544.5,6878.0,9967.0,10300.5
SOLAR_WINDS,8,0.5,5,10,-9605.0,8168.0,9289.5,7852.5
SOLAR_WINDS,8,0.5,10,3,-1267.5,5359.0,9507.5,13599.0
SOLAR_WINDS,8,0.5,10,5,-3980.5,6151.0,10742.0,12912.5
SOLAR_WINDS,8,0.5,10,7,-6544.5,6878.0,9967.0,10300.5
SOLAR_WINDS,8,0.5,10,10,-9605.0,8168.0,9289.5,7852.5
SOLAR_WINDS,8,1.0,5,3,-1317.5,5258.0,9386.5,13327.0
SOLAR_WINDS,8,1.0,5,5,-4230.5,5786.0,10420.0,11975.5
SOLAR_WINDS,8,1.0,5,7,-6973.5,6361.0,9468.0,8855.5
SOLAR_WINDS,8,1.0,5,10,-10319.0,7415.0,8495.5,5591.5
SOLAR_WINDS,8,1.0,10,3,-1317.5,5258.0,9386.5,13327.0
SOLAR_WINDS,8,1.0,10,5,-4230.5,5786.0,10420.0,11975.5
SOLAR_WINDS,8,1.0,10,7,-6973.5,6361.0,9468.0,8855.5
SOLAR_WINDS,8,1.0,10,10,-10319.0,7415.0,8495.5,5591.5
SOLAR_WINDS,8,1.5,5,3,-1530.5,5018.0,9137.5,12625.0
SOLAR_WINDS,8,1.5,5,5,-4574.5,5327.0,10031.0,10783.5
SOLAR_WINDS,8,1.5,5,7,-7462.5,5785.0,8926.0,7248.5
SOLAR_WINDS,8,1.5,5,10,-10517.0,6974.0,8191.5,4648.5
SOLAR_WINDS,8,1.5,10,3,-1530.5,5018.0,9137.5,12625.0
SOLAR_WINDS,8,1.5,10,5,-4574.5,5327.0,10031.0,10783.5
SOLAR_WINDS,8,1.5,10,7,-7462.5,5785.0,8926.0,7248.5
SOLAR_WINDS,8,1.5,10,10,-10517.0,6974.0,8191.5,4648.5
SOLAR_WINDS,8,2.0,5,3,-1743.5,4720.0,8896.5,11873.0
SOLAR_WINDS,8,2.0,5,5,-4931.5,4882.0,9640.0,9590.5
SOLAR_WINDS,8,2.0,5,7,-7517.5,5635.0,8858.0,6975.5
SOLAR_WINDS,8,2.0,5,10,-10809.0,6672.0,8007.5,3870.5
SOLAR_WINDS,8,2.0,10,3,-1743.5,4720.0,8896.5,11873.0
SOLAR_WINDS,8,2.0,10,5,-4931.5,4882.0,9640.0,9590.5
SOLAR_WINDS,8,2.0,10,7,-7517.5,5635.0,8858.0,6975.5
SOLAR_WINDS,8,2.0,10,10,-10809.0,6672.0,8007.5,3870.5
SOLAR_WINDS,8,3.0,5,3,-2228.5,4075.0,8371.5,10218.0
SOLAR_WINDS,8,3.0,5,5,-5050.5,4636.0,9567.0,9152.5
SOLAR_WINDS,8,3.0,5,7,-7741.5,5217.0,8595.0,6070.5
SOLAR_WINDS,8,3.0,5,10,-11097.0,6271.0,7588.5,2762.5
SOLAR_WINDS,8,3.0,10,3,-2228.5,4075.0,8371.5,10218.0
SOLAR_WINDS,8,3.0,10,5,-5050.5,4636.0,9567.0,9152.5
SOLAR_WINDS,8,3.0,10,7,-7741.5,5217.0,8595.0,6070.5
SOLAR_WINDS,8,3.0,10,10,-11097.0,6271.0,7588.5,2762.5
SOLAR_WINDS,8,5.0,5,3,-2409.5,3887.0,8213.5,9691.0
SOLAR_WINDS,8,5.0,5,5,-5256.5,4357.0,9263.0,8363.5
SOLAR_WINDS,8,5.0,5,7,-8048.5,4767.0,8285.0,5003.5
SOLAR_WINDS,8,5.0,5,10,-11246.0,6032.0,7407.5,2193.5
SOLAR_WINDS,8,5.0,10,3,-2409.5,3887.0,8213.5,9691.0
SOLAR_WINDS,8,5.0,10,5,-5256.5,4357.0,9263.0,8363.5
SOLAR_WINDS,8,5.0,10,7,-8048.5,4767.0,8285.0,5003.5
SOLAR_WINDS,8,5.0,10,10,-11246.0,6032.0,7407.5,2193.5
